Agro_3_clean,Agro_3_noise,Agro_3_filtrada
65.39555447652455,64.17778749794968,64.47825022887778
66.14323734489794,67.35485981216812,65.01817240613738
66.34275486038045,73.22084685823683,65.53927048775302
66.82601450776536,67.49450476114306,66.03763439511974
65.70335306063646,69.86929861971177,66.50973340655325
67.23986557497902,71.14739300240835,66.95251837381524
65.09682632078864,66.94294528978908,67.36349304530835
66.71371416759654,72.14765868488703,67.7407530375879
66.97745897795446,59.85062761229011,68.08299609930486
67.92706470335045,61.9040508321504,68.38951122500865
67.66391425856591,73.330898083921,68.66015601188525
66.82835028976324,64.70490044654561,68.89533051325385
67.28673960087127,67.65333341631894,69.09595219803536
68.27910333750638,74.02070889765449,69.26343246048374
68.24825851828855,68.90307808767531,69.39965213205629
68.06156651844351,73.60320240458918,69.50693203031912
68.29347053996487,67.02010891974764,69.58799469276761
69.28020932164351,71.3002403565136,69.64591493371503
68.59306488729322,68.78373870559348,69.68405898032975
69.05604794388317,73.94507838159146,69.70601370313005
70.79861747217842,69.94056314876559,69.7155085649889
68.44470576886194,65.2819510775264,69.71633388885576
68.30627098686243,66.77255835662865,69.71226028922281
70.31199033499952,68.92379208731114,69.706965006963
69.44896737616575,67.32642282892301,69.7039702453321
69.86139840791131,67.6025013086998,69.70659610380685
69.69709354911845,73.37613974479957,69.71792727418853
70.22135644028552,74.83877040180631,69.74078950612316
71.68106598367343,72.96652301934118,69.7777299413272
71.28199533094943,69.15886204330488,69.8309956843936
71.48200545394417,69.56648246952382,69.9025077290355
70.0445453132379,63.2457408463519,69.99383139599377
70.38704780318658,71.63235381914845,70.10614757796415
69.36193172273352,67.12269009778163,70.24022974196706
70.93861611567318,75.76358072769895,70.39642984078887
72.33021976235523,67.8102352570615,70.57467347347306
72.17716831985902,70.23435081111323,70.77446253356774
71.81444259403149,71.5010162045681,70.99488290983919
72.10749025615664,73.63336585259492,71.23461497021265
71.79386623391555,77.7072282944211,71.49194477996325
72.57177475890815,68.07698921727935,71.76477448835527
73.1162722820587,72.12596588120168,72.05063188954415
71.60009201166652,66.91593483934926,72.3466817412991
73.09134763148937,75.68225753078964,72.64974353946333
73.68399130446612,71.56228592875459,72.95632067307344
72.8897055108434,72.55088648289536,73.26264436403169
73.81903621977979,73.25404045064799,73.56473386815462
75.44634039873944,75.82774222550574,73.8584730658935
73.54983047867555,73.03728972368162,74.1397028263395
74.04421047139036,70.85725492134026,74.40432813941298
73.39750301990473,73.67596082576375,74.64843880874392
74.18547403467241,71.58001615522872,74.86844198953519
74.52443694116405,77.19606883456507,75.06120337214944
74.48146398601926,74.66977092100812,75.224191338049
73.7732798325873,70.36309635717976,75.35561576313485
74.7726624559521,82.66681453314354,75.45455110662971
75.79202535558188,81.23278373550659,75.52103215600249
75.22193449708993,83.23611854740716,75.5561104992965
75.71979008476467,74.59515047281147,75.56186155738021
75.01809472621979,72.27882324089141,75.54133677358038
75.84561801390802,78.4908012002808,75.49846219782637
75.65192708037566,79.28607509083113,75.43789044760163
74.92560724773874,75.57083990684751,75.36481626087851
75.94805455046328,69.04813608580528,75.28476748926374
75.16377379717699,71.9459138915452,75.20338487746415
75.54683010919626,76.93257511149915,75.12620498368892
76.25326098072765,74.08800225554705,75.05845970093416
76.45867394349801,71.98166725791312,75.00490303903085
75.54698593552129,74.70191826843859,74.96967271509732
77.24504543492357,66.5966112514942,74.95619171197885
77.03441475564607,75.05567271904158,74.96711272500173
76.26639096529247,74.86910538376868,75.00430525424447
75.80800498420976,76.82605531648865,75.06888083465111
76.9064050962772,78.70251143724093,75.16124761233466
76.81809978559279,78.05692519298422,75.28118278610869
77.33076665828801,80.27359367577297,75.4279113113353
77.11756835515722,76.56662463074395,75.60018159979155
76.085573591525,71.31148674299392,75.79633296051473
77.33684369362976,77.48179434948459,76.0143540198377
77.51148430838512,74.6399879227458,76.25193484203797
78.2845378337675,73.83417385885336,76.50651688207854
77.46660750188003,79.36568529869791,76.77534439103907
79.24359498197397,74.60957421949085,77.05551944997204
76.84234171171049,79.07331588912703,77.34406128673713
79.20905547437994,74.9709896406131,77.63796936108851
78.24373273144911,77.29079109414118,77.93428895907489
79.1107419005972,77.26084110213489,78.23017742348718
78.67191786304474,82.40074446059309,78.52296826968961
79.51950717596783,81.46883245277138,78.81022935381155
78.55515295776543,75.8517665314068,79.08981068252548
78.16047616401373,77.64359027639068,79.35987807072729
80.02577335724233,84.3860254500793,79.61893031196341
79.05258936327502,83.94944547245588,79.86579868117963
79.38640770036497,74.89694029353247,80.09962814546208
80.19360961734144,84.51051612332158,80.31984059487031
78.70354686559955,82.76938599702815,80.52608225957877
79.93804749702666,80.52386909274696,80.71815955300765
79.20221241053684,78.90453445910576,80.89596933342578
79.61519219745044,77.80985476238963,81.05943119423867
79.84950589708258,75.73854961106868,81.20843057485791
78.83857393274609,79.95025094304593,81.34278112810613
79.43197166898821,78.87421393382051,81.46221217908527
81.0099378840016,82.43640477648417,81.56638272808424
80.77014213725505,82.27496502880568,81.65491858725242
80.19016566199174,88.44846498113091,81.72746528962685
80.4869800340341,84.41190355453818,81.78374738308929
80.19217100592319,81.98596669658912,81.82362519403856
81.42765503379374,74.41877595058774,81.84714299443782
80.41625652163522,81.70296619326727,81.85456632832731
80.79579235804178,85.98536688966657,81.8464087152865
81.51125875938413,80.11089965447148,81.82344771707676
80.23894002053838,87.42400954536076,81.78672854588397
81.94683511344257,83.73061992219925,81.73755235099416
79.85545527929148,80.82154664526695,81.67744730375287
82.13712918054706,78.88756885911208,81.60812321643225
80.80360707644762,85.73549415251466,81.5314134653843
80.96118321518392,78.23686687137081,81.44921019794556
79.87314296343894,78.02209123380959,81.36339967149333
80.94135040263293,74.77173052875067,81.27580440138068
80.59387126956427,83.53310690895714,81.18813762413436
80.95687884189348,82.88432287209343,81.1019729102324
81.34506930031276,81.37853058273215,81.01872791897624
82.16905114812423,84.5969314521676,80.93965801333131
81.6997780078185,83.81851795821382,80.86585434952143
81.82413097387256,80.62529687340893,80.79824226757574
80.89463297420808,78.32049750706051,80.73757847990827
81.09614020968392,75.470332319615,80.68444857849792
83.02137428512437,82.43862542111519,80.63926842693154
81.29564695689143,77.00513470960095,80.60229293824992
83.01607176883117,83.54959609330213,80.57363361031423
81.73143421811831,81.20529191013341,80.55328329996824
81.94643794180017,80.62784377255196,80.54114451819217
82.73575526182044,86.16815429632817,80.53705672961588
82.91688737171033,79.68177675787233,80.54081875340214
81.98745266410714,75.92637735823165,80.5522040951139
81.8301020023475,81.09085027632979,80.57096929420726
82.0979667241925,79.67107592319114,80.59685704906039
82.40730489371448,82.80603153340378,80.62959598414108
82.82665211230785,79.83020893878363,80.66889769269596
82.23608345842811,83.61534546347026,80.71445043703885
82.69510106814998,79.50421424243589,80.76590859454532
83.43586277262918,80.20948267696255,80.82287757973434
82.58142747151233,84.60323123356412,80.88489501013414
82.55653445489064,82.40417961738339,80.95140986231034
81.29737113171758,77.40398769571843,81.02176228817628
80.53969118259504,77.41789402237164,81.09516790527408
82.67201911203207,81.44924955277965,81.17071141952134
82.35109131970745,78.6023666396183,81.24735430872433
82.0727892130983,81.12841042177493,81.32395942456482
82.61763208786968,81.78867512600974,81.3993325031167
82.41725584559047,79.40943543570278,81.47227786503895
83.25971455527007,85.39173223411711,81.54166359310338
82.5396272500574,79.19294244036655,81.60649023405804
81.96393503480105,86.04951986464651,81.66595655005379
83.18567907941326,82.46908732816664,81.71951606728344
82.34470144447705,80.18113136336278,81.76691914274699
82.86774805385528,84.6367770462751,81.8082368537553
82.16581250467873,82.27879050517681,81.84386482537836
82.04429716543376,84.53661888954115,81.87450674076776
82.55561817770267,75.99248419403612,81.90113870865594
82.5015535911689,84.19674035705745,81.92495704400667
82.82267469548287,81.11953231846184,81.94731301103283
82.29131565771951,82.41458585207508,81.96963810657468
81.18483817852548,80.89565518449129,81.99336266621624
82.1566219872662,86.57329890257529,82.01982975226679
83.00286272157354,76.90074391914855,82.05020597051622
82.22500627669808,87.51896798838855,82.08539107978423
82.24503594022167,84.56205514537645,82.12592885676011
83.09065928622346,83.58964157549514,82.17192263523351
81.88286423598602,77.18114075168903,82.22296050272007
81.28069325505005,75.79658880583658,82.27805730780366
82.225986047722,80.38617410464227,82.33562222764378
81.97564292487594,84.05867526727192,82.39345983807736
81.6126960507557,81.59300846856694,82.4488089817227
82.13917681591137,84.03570833013895,82.49841901662315
82.57724114056124,77.77767545118157,82.5386595218056
82.196305717138,82.34192926412865,82.5656579029001
82.38569309512434,85.97836191448984,82.57545855213921
83.4065716817872,88.16851893327375,82.56419622372532
81.86193571823407,77.7491316618334,82.52827541242054
82.25994780102305,81.10570091878867,82.46454792788688
81.67019913372238,80.5524414444614,82.37048258585288
81.39413715905675,79.3397648832425,82.2443223200498
81.53549383561483,84.51282852828717,82.08522351028547
81.56654234767689,90.98450424422212,81.8933701962499
82.10845881534216,78.45566010125845,81.67005384424311
83.45474396085893,84.84791263158478,81.41770928560955
81.26114304976953,82.23044044032129,81.13989992140951
81.42114048462174,82.46079393429842,80.84124912225704
81.6174239956079,85.98943333873581,80.52731837361016
81.88593348984632,83.1102723907134,80.20443580353339
81.73906161862652,74.73235922183846,79.87948201507305
82.39758785928862,77.6850420599539,79.5596439579337
79.74283969724283,76.24345107025643,79.25215094271714
79.7115109167616,77.25633864628148,78.96400817778672
80.9747550220436,80.51694984399305,78.70174173204045
82.02795408276604,81.32374758963951,78.47116569225132
80.10033703961346,74.11989561007363,78.27717936939928
79.02587359705684,73.7495975978762,78.12360091098891
81.46445276905486,74.51454477068867,78.01304324219737
81.16709023341942,76.07018423053924,77.94683725418659
80.1637861429199,83.41464012887482,77.92500429214452
80.1659619834746,79.2789204363136,77.9462758549913
80.10443971827004,76.9797291671275,78.00815508230455
80.78657586915742,74.4972461512281,78.10701366522254
80.19524889865237,76.87335442553508,78.23821882318467
80.9025179611128,82.89397615357086,78.39628594913867
78.47998106771959,80.04007997742453,78.5750521109595
79.79852068129347,78.97048432134943,78.76786451629886
79.52873520878708,78.65289264539462,78.96777794522347
80.05475738299067,74.24534512421363,79.16775649827514
79.77336047114683,77.22802480140243,79.36087658422571
80.62286618861916,82.44507568802611,79.54052831412697
78.67581360982865,76.46253363929509,79.70061087174537
79.92076806867294,85.24550079716163,79.83571488738274
80.18994394599927,84.14399845810567,79.94128285809497
81.0075647895849,79.5192601238814,80.01373831946965
79.27810638693434,78.40774995038457,80.05057607806818
79.74853168701081,87.03984893033257,80.0504088229275
78.16342132350279,80.9420798145245,80.01296869040203
77.65512660467253,77.88561759933762,79.93906515075884
79.82287440771944,80.43194798315577,79.83050324090928
79.12835206976676,79.6166940919342,79.68996885611321
79.85660056115537,79.80092999456896,79.52088980398013
77.9683526015651,74.45572428055493,79.32728208496997
79.1904648104516,77.8709342568388,79.11359067820241
80.03022056386261,75.32024966272637,78.88453316311171
78.91008329668821,81.28734156979063,78.64495248896677
78.70287483912979,78.26833692167975,78.39968218891148
78.40698328797211,80.95044440904202,78.15342430195088
77.19186192750755,73.01194975432674,77.91063840767875
79.12963455089182,83.79381813543276,77.67543985833225
77.6411684142637,81.89744167087319,77.4515059113193
78.30873423324658,73.14487079516289,77.24198949252683
76.74710238476052,75.08789944114898,77.04944197820129
76.90004978202302,75.59687679899599,76.87574862176034
78.61350414364112,73.89744769274797,76.72208179150336
77.24794073255367,76.39561675035392,76.58887673034221
78.38930429308644,80.21975283009128,76.47583233834155
77.19707079384322,75.65742216575406,76.38193688574844
75.84119830958329,70.2232303927971,76.30551683997649
77.63255440866648,80.16618697501293,76.24430646299919
76.47166090147185,73.87503008009459,76.19553569629731
77.24905658966999,74.99820264688294,76.15603308002056
76.651933858531,82.1662934565616,76.12233908596892
75.42735083876558,76.72831085481619,76.0908241603628
76.49473548502961,73.84115481300911,76.05780572206739
77.78824189672203,73.88819840117851,76.01965954691318
76.46610666025192,79.63406713466081,75.97292274608996
75.9498710482406,78.89202939895824,75.91438672262849
76.610991187998,74.94899762418842,75.84117877214285
75.87284926014011,71.74350580020285,75.75083143363678
75.73821232027089,77.00291385773912,75.64133995246357
74.69259765746389,76.64056271542816,75.51120940669657
75.48467920290162,74.26215366594246,75.35949310675487
75.90911325964082,72.29092070100401,75.18582308924802
74.46145730324153,74.5426613959328,74.99043277574941
75.90534025827095,77.41980127097969,74.77417120098119
74.70459963681519,73.10699642780273,74.53850717376454
74.00707811635756,74.8660443083059,74.28552053906397
75.18571844102458,76.3696521562908,74.01787708012594
74.14462965502315,77.90156096876746,73.73878379401698
74.73422030738125,73.35444919030962,73.45192218369547
73.85468203964994,70.11811160991262,73.16135894697132
73.87258128677479,73.65178395833716,72.871435894449
74.11470600390442,79.6494322597419,72.58664318004656
73.82681838240485,68.04406449895463,72.31148119641283
72.07953170142704,64.4930795100725,72.05031723488652
72.54399845297512,72.18964988715364,71.80724385802353
73.83118756946826,72.58722762353618,71.58594599486933
72.93911770429594,72.25571512441884,71.389581796625
72.51531028185,71.70986870270916,71.22067903813311
71.78054038519109,75.07866571001082,71.08104648927878
71.82467295080136,71.68540545780708,70.97169934712186
71.01351680565865,73.70163379419647,70.89279916169464
72.20552331290111,64.07972325763598,70.8436110206272
71.7045292070918,69.96937178433814,70.82248333020615
71.29322673607375,68.61919077670508,70.82685715179835
71.76795703213782,64.27467999478503,70.85331158333585
71.9156458998565,72.25476949579762,70.89764896885094
72.97076139088023,72.6417613215976,70.95501960446937
70.2913097260605,68.7594712086536,71.02008122529855
72.00476463777727,71.59158352531739,71.08718502798536
71.71741895272564,72.05652287841023,71.15057799022401
70.33342877041608,73.65622401289042,71.20461053821414
70.86311632061414,72.97050709586027,71.24393857692117
70.24209278867899,71.31969767692391,71.26370949384275
70.53354628393713,78.10090578609085,71.25972325236695
71.30064340801819,68.9782818724276,71.22856205467879
70.50843863609828,66.04818824533994,71.16768496662344
70.28039385236642,74.13141754694546,71.07548682433239
69.46261235872781,75.58553103423064,70.95132272248749
68.56407335243125,66.4807487684871,70.79549986254925
69.29570875682715,73.8146697678461,70.60923840491999
70.12464119373873,68.37499479200656,70.39460348747161
68.04904863979235,69.96694132393456,70.15441167447017
68.21724211970157,70.31723087829826,69.89211587591113
68.88163475700728,66.81188617294362,69.61167286712646
67.94115205453237,73.99810310753155,69.3173971632652
67.91254375114436,74.34620867240338,69.01380450496795
68.00744394124244,64.65805635377494,68.70544819193914
67.18445292490597,67.84387743068062,68.39675270035079
67.29470772395184,70.29412316444234,68.09185132973724
68.30500261105979,62.13044221537841,67.79443672894973
66.73327283456264,66.81930488523031,67.50763384615921
66.36558479403489,60.94343629646245,67.23390402894412
66.87859285175404,69.06783024253164,66.97498691284835
67.66736214643916,67.94933993049644,66.73188347027065
66.85241537238792,65.6265148810252,66.50487978583027
66.50022210227095,61.36104595735552,66.29360805750531
66.69156560937768,64.72825116858507,66.09713963095021
65.27353872528525,66.97641851246158,65.91410371370021
66.67679776053014,66.54242257424313,65.74282356101817
66.43384511629128,70.34514799226312,65.58145946644919
65.71384489338507,69.41270540581995,65.42814622733634
66.53942817833459,70.0990144529347,65.28111319311685
64.8809704338797,63.117178551189056,65.13877788346709
66.29472369245133,67.26219361707956,64.99980885675816
65.44835218748304,62.28254433605981,64.86315863424424
64.93970507785997,60.8073296452931,64.72807148124635
64.99654816788018,68.87283084728385,64.59407279807506
64.7706412506644,60.87903969954518,64.4609468291406
65.53530703020999,61.29135393262527,64.32870812705076
63.762948049459965,64.10796903424519,64.19757060171519
63.81852289212563,62.930751001752576,64.06791630330159
64.9135262397008,64.30932088447621,63.940264043980065
63.607248984733296,71.16941248731956,63.81523570732687
64.4907036013482,61.22901928567082,63.69351654306034
64.88635682247245,66.50998346382555,63.57580584525539
63.25214685606853,63.53648403480374,63.46275631280293
63.84725564853938,67.15771954415285,63.35490324942903
62.39987929877714,59.8226224213014,63.25258752628055
63.573218610882726,62.83701126279843,63.1558785120771
63.02223930167974,63.39662140201511,63.06450492493521
63.05181856337047,58.34912342454136,62.97780243425219
62.107168826065,56.18526389242235,62.894686481727
61.235032830774685,61.16681675117814,62.81365706474915
62.5891501905395,66.97637861977422,62.73283893493652
60.63195074810069,59.47678105886729,62.650056017011615
61.69403957597744,60.98859785873627,62.56293422554659
62.415272979538045,66.18939647418456,62.46902380758593
61.7314596172153,61.243368138017445,62.36593098204863
62.80209730633785,65.35022958836574,62.25144814458778
61.99741674163511,70.74298757053404,62.123672042669334
60.66416682723824,58.77149185144427,61.98110063479619
60.98355872373385,60.402848671329,61.82270223128334
60.774327580621936,62.0738572270687,61.64795449409044
59.54353081922396,64.43580877889224,61.45685444659401
59.83687821856466,59.45928152830782,61.24990251822412
59.94727876231011,62.33916067101448,61.028064159704364
58.75967756286686,59.90068291089179,60.79271293926701
60.06407993419841,59.82714485546004,60.545559694137324
59.70288431565101,58.32397137669652,60.28857281882001
58.55322186063878,56.55509701857469,60.02389469295966
59.854837779946585,69.90925312733522,59.75375843723749
59.92128432728035,54.866902326338135,59.480407876403866
59.42804080858805,54.68445108119295,59.206022661878514
58.89188597442816,59.69459395896244,58.93265066792134
59.38304903652008,60.04972772299765,58.662150269478445
59.29620340964664,60.69456981660233,58.39614455981573
58.88695999075887,56.01859771412826,58.13598814802849
57.94701080079685,54.580351653257416,57.88274635123719
58.571070114062366,57.63468797421232,57.63718678399615
59.06825924739021,62.04508307325263,57.399783428574715
57.6685332930668,54.330533551381365,57.17073244254761
59.410274181775485,59.90593845888631,56.94997791871668
57.43012462892077,55.74999849629639,56.737245676284516
57.67792183770848,52.677877882488126,56.53208399022456
57.04250296126765,52.83969878086221,56.33391103456757
57.52838793165631,60.51417731817142,56.14206873772192
56.01226227610624,54.03179055631957,55.955881303633824
56.71018500462681,60.78967071056106,55.77471445945281
56.18941786896499,56.06725186760642,55.598029987703505
56.91103350560829,52.424790861645576,55.42543029817273
57.3757230595396,58.94085613385636,55.256689414902624
56.99606042622955,54.36779468704986,55.091768697513835
54.74888729403281,53.5128976078615,54.930817013489175
57.70465040199004,61.41979725873628,54.774155887503674
56.3490238466066,52.1190925788051,54.622250865379264
55.46689147854544,53.99222825388179,54.47567139200315
55.9895433561794,52.43573850900786,54.33504300783365
55.87301267360513,51.968918554872765,54.20099707654676
55.15403773021717,53.60204929382727,54.0741236168391
55.63156448029871,52.81887828129712,53.954931703567
54.94103493333266,54.04266543066777,53.84381982854723
54.95751929003036,57.05280849230648,53.74105642558876
54.63556145062894,52.17286382513607,53.64676916660644
53.98956058803229,49.17416529229582,53.560941020805494
54.97209151453604,57.07602614535709,53.483411260259274
55.15840518942456,52.67367298053833,53.41387977224925
54.98892994661608,60.98370843096302,53.351912623954455
55.08341322907094,53.7419738837498,53.29694647783877
54.61860801586634,54.17263201282496,53.248290526889164
53.90192833176808,46.34488861429736,53.20512754138577
54.74704087727349,50.93674747644422,53.16651912824158
53.09463913339089,45.61943700297377,53.13142219404317
53.30125337891356,54.26581090417563,53.09872229893137
53.14481325738978,52.87653350971264,53.06728524242337
54.4650417429349,56.53174112429008,53.0360225536187
54.259433975095824,56.90760447600064,53.00396182120329
53.83231647721616,56.98578459482012,52.97031067629097
54.13452663411237,53.39643222975317,52.9345042268279
52.66291353237735,52.94305325403668,52.89622917934877
53.41793723691315,55.31677082630914,52.855422385459654
52.983091606882425,50.37651581361061,52.81224564086767
53.56161844494262,50.48509355070777,52.76704139558356
52.7875356880288,57.83870022051056,52.72027551802476
52.4994387914566,46.57552043661557,52.67247362825473
53.04956536203848,54.68949564345955,52.62415716607378
53.18761263161951,54.30673034037212,52.5757847718276
52.01116129667903,48.32685654786249,52.52770397184257
52.34231212314238,50.15189791062707,52.480117568268284
51.55158165419466,50.38120239548011,52.43306839616508
50.45264450147775,51.16329358015344,52.38644475089676
52.25178731235499,53.40521061514138,52.34000636954831
52.449267908128014,52.34782414480758,52.2934277906983
52.11944859715381,52.73734511300984,52.24635328104332
50.48568409593718,52.648571352157184,52.198456038136
51.52057453136326,53.53197597912662,52.14949404423553
50.13054233008547,55.16281228712546,52.09935535866487
52.56082624938888,55.98213805674236,52.04808657804584
50.761888203765366,50.820240788695706,51.995899859673216
52.3224490992308,54.42377977680912,51.94315652984176
52.02877256246264,53.41884202392111,51.89032859612352
50.660712590215184,51.1999388435694,51.837942701625195
50.42411074333541,47.57525227846005,51.78651365829794
51.38973349396446,51.92190578987047,51.73647646911038
50.48234867656593,43.708676299493135,51.68812630599516
51.07551005597358,54.59255840203225,51.6415747209085
50.597687907912665,51.74677017846583,51.59672744549648
49.62226067462924,49.10016022676959,51.55328536419769
49.24266288908336,47.862776878926695,51.51076690841494
50.8991095231345,53.045769087347765,51.46854784156267
50.28530764478018,56.312048367739024,51.42591266819878
50.230736394104895,51.46093610345854,51.38211020919588
51.04604488863746,57.28510163424022,51.336404984831134
51.32293636859298,53.89548780803508,51.2881171161783
50.25488342906723,47.61329712986449,51.23664662321335
50.15294057539345,51.75261144795652,51.181482265344215
50.68871714265516,51.9680756330499,51.12219900073872
49.33758716246532,46.6940669973681,51.05845052508018
50.3940470564669,49.0567723876904,50.98996388127454
50.57613573555328,49.17384185067375,50.91654227550314
50.61953492575235,50.94825783636304,50.838080349188715
48.74279234892492,47.82431171882259,50.75459343032516
49.52230773876671,50.40349033042664,50.66625927028916
49.39880539432726,50.811384707904175,50.57346807657067
50.04344401058591,54.20118574164748,50.476874459490595
50.27158205768694,52.07266928942812,50.37744335459766
50.94590393461162,48.64365473710791,50.27648156330562
49.51648838796972,56.4405550069373,50.17564762698287
49.48103635525667,47.200019438873326,50.07693491586326
50.60209906820101,49.33086049891127,49.98262529508093
49.97454593795828,51.93423290365727,49.8952129847145
50.62553648158123,60.12163815621168,49.81729996384692
49.91315616440053,51.23028968752799,49.75146570636001
48.875561579598696,46.77127969291704,49.70011638808168
48.728483079484114,43.351764939254736,49.66532293068161
48.55337952274154,42.95855944180802,49.64866199130121
50.08227723048122,50.118218264251546,49.65107614706751
50.43190131295113,52.21857688120237,49.67276727569073
50.87712126559535,46.22036954462243,49.713131875435316
50.15706910157594,50.88510102243066,49.77074189687028
50.3668549168342,46.05855701557799,49.84337153010572
49.13447536873513,46.10258117484498,49.92806889380696
48.72026220366778,50.79229167627893,50.02127015648766
50.11572394105711,47.66363353348188,50.11895129620752
49.80560963647763,54.1024599399373,50.21680959450551
49.58265918633049,47.665996285345926,50.31046395741752
49.77447406702601,53.41325892283693,50.395661195194265
49.72706108032363,57.15659032389512,50.46847481481094
50.39867181077442,47.95296084976143,50.525483574438226
50.407310321982784,58.49547442977465,50.56391902325257
49.884246618321306,49.92847881898238,50.58177455456028
50.0994776494462,48.02476205649073,50.577872720314474
49.87303358747962,48.9020679663572,50.55189179751703
49.19779546765998,47.87456173664565,50.504355759049396
50.0592836058124,54.65692276210033,50.436592929468034
48.56426450414194,52.8865520800638,50.35066773397186
50.29050545026598,54.57386388930877,50.24928854395113
48.73063197122451,44.46877364099984,50.13569456524995
49.78252194624782,50.403403303260674,50.01352662160174
49.00815687433695,43.92541715126496,49.88668926835077
50.00608358422679,53.322318692537394,49.759212880601616
49.61555004331489,48.02924759589121,49.635123272662405
48.5451926300066,50.19520533442911,49.51832391498132
49.97987111094173,48.3338586360457,49.41249353195704
49.3063294748804,43.54742369030941,49.321000589731206
50.35479990179899,53.25795540188657,49.24683543838132
49.76767617203231,52.924159149428846,49.192559748874565
50.073918808548186,50.53102636184283,49.160271356393224
49.15882367468659,42.23378120330364,49.151581845621564
49.4502058982232,51.91124330355551,49.167605015665714
49.576923259593336,47.1577568810789,49.20895575956785
50.5345056866114,52.22879012199457,49.27575918621015
51.14742967039778,49.53833404478241,49.367668813584245
49.44970150512931,48.17725337693221,49.48389167287631
50.808771709370696,52.44087440295739,49.62321812183923
48.57945617704731,45.8870244901153,49.78405484365073
49.30714190509115,48.76044568098046,49.96446019758702
49.518360949118986,51.18976049096592,50.162181261105474
49.29076378688258,56.39635678696808,50.37469134647262
49.17859980996352,48.934352826388725,50.59922588630852
50.627375582814565,53.38076098242517,50.832814464336295
50.24116134404772,46.39782541570931,51.072308188792505
50.71088734708376,56.26900136834887,51.31440391788647
50.98448629864016,48.33425568103514,51.55566865801552
50.74449058573512,50.310924293121786,51.79256815956576
51.07794186251919,52.75464330745282,52.021503698112454
50.62932376333933,48.07133480845447,52.238860575627676
49.90912343730994,53.45432330114796,52.44107088831561
51.54403869363394,49.37342061051571,52.62469150749417
50.45626138326594,53.1805697720369,52.78649619578922
50.28030821388169,53.78219319763585,52.923578592664406
50.87877682922164,52.77592743082365,53.03346075423016
50.43394657438362,52.757482382524266,53.11420040571627
50.85180201604799,59.1526498160484,53.16448933368153
51.457417168065945,52.82361313466254,53.183735461117195
51.53447458913986,51.89472924623193,53.17212216621137
50.737682670086606,51.84047079885053,53.13064030715863
51.1017631363284,55.27150343303494,53.061090552300335
52.27364031047177,59.91327603893422,52.96605499130211
51.94898687540216,51.40300690352418,52.84883763258213
53.13539318461607,50.142940667348135,52.713374538342514
52.59171137884408,56.40468027378827,52.56411678160946
52.65082565582458,48.18012316414353,52.40589219519344
50.96392779533494,51.809333740487006,52.243753587654695
52.55716115180877,53.55628083745689,52.0828213867444
52.07370641073024,51.72165843084854,51.92812806500792
51.815006465933656,51.65580275456137,51.784470795876715
52.40949832334657,46.98959399897622,51.656278084209625
53.04610168740048,50.19828312010932,51.54749569959382
52.82896466092022,55.90246679933343,51.46149648659716
51.958733323953965,45.26371101123009,51.401016989487445
53.19001262801604,52.90796590662573,51.36812174388455
52.32194080635794,51.29677666619871,51.36419436364555
53.01921545430678,46.48434788131237,51.3899532596557
52.75579195855761,58.3065053779961,51.44548852544745
52.91683484391866,49.537726768652,51.53031515235913
53.7096097960517,55.50999816440611,51.643436775386554
52.54958655199894,51.01168034443111,51.78341421383784
54.745114640554576,51.974115011253154,51.94843434832628
52.21573667700064,51.44175965077746,52.136376806032374
53.18040057592562,52.01161843480474,52.344877605855295
53.96742865976395,53.35497378001371,52.57138978718499
54.228043027707365,51.646971994900426,52.813241139337094
53.86065218773001,50.53495133653546,53.06768883989749
54.00398188016711,57.29843197448663,53.331970371083
54.445907383096895,54.46865507094199,53.60334952568348
54.1123259631631,53.91450781782439,53.87915582687915
55.36602750817549,52.44212766466905,54.156815819434954
55.096233109855525,60.25999964022874,54.4338756501901
55.23870414939505,54.951952953635725,54.70801565658069
54.07159412700406,47.85398311621597,54.97705897287492
54.81363499222689,55.71829070414328,55.23897751508133
54.78129796508543,52.27486922014587,55.491899588529506
54.41122233614521,57.39860632069799,55.73412264131952
55.49186696371161,58.89775006761383,55.96413224846913
54.98908583296949,58.01615518129376,56.18062572224983
55.95097088436447,54.4376329364618,56.38253745692404
54.87085627347263,54.50056845227308,56.569063696790245
56.95215999159325,57.76754510482306,56.739685933754664
55.25126603086504,58.17904675971516,56.89419314020075
56.16309099174455,52.75943304643627,57.03270290163486
56.69576137031493,57.00218298558156,57.15568076143916
55.87487888161897,62.00135560640747,57.26395629373138
57.00489609533587,55.248894078448416,57.35873357913355
55.68254052373566,55.59703273340904,57.44159304704917
57.69519907049891,66.26700379622751,57.51448159894322
56.82530185879882,56.0340858703466,57.57968864974127
56.53550945173936,51.48852074859325,57.639807022823184
56.88207585869442,56.69387693560701,57.69767939692936
57.79714398381429,63.28407482540603,57.756332448876904
56.96205696698623,60.427905189983846,57.818900787612776
56.987764203485575,53.774540519950165,57.88854166832562
57.49922749343261,58.86165310105737,57.9683412251049
56.97325355637816,56.39651167736665,58.061214180004896
59.215152795802304,61.87848843536913,58.169800250789216
57.68874759391082,55.67034631221868,58.29636066563019
58.81259956868748,60.43453542855869,58.44267781067872
58.52311861178167,64.78843032065353,58.609961042638595
57.8341005603601,49.26597311347018,58.79876239784289
58.666639356268895,60.61122850556437,59.00890714164064
59.36787650183979,63.69419722902566,59.23944525029839
58.83627733054609,53.73175074682495,59.48863016894243
59.952928927810014,57.58949102638604,59.753930445844155
59.98318914927767,58.691906660289895,60.03207878670155
60.06242113644111,57.66515735728203,60.319161731910405
59.24913209644611,56.60619723527121,60.6107508475932
58.96735677128843,57.7382622928704,60.90207293962404
59.44671810693662,62.24013561002865,61.188212822019295
60.16719401989263,65.0464463403863,61.464337938862094
60.56606960157822,64.83855845995845,61.72593027895194
58.818694634740936,62.07819618533884,61.96900879940414
60.488457775269225,66.49749071810305,62.190325923094555
60.76069300514833,67.42311000088895,62.38752424545583
60.6121786269024,61.15682492585037,62.55924331049946
61.86730022198216,66.56062838335076,62.70517053829605
61.41610767397252,62.80649217469672,62.826034836044805
62.19593744302316,61.48670932728452,62.923545588075534
61.286044816712064,61.12281171346581,63.00028297388458
62.252322230395485,65.57321120196141,63.059547559163526
62.89994609473918,67.70684148296334,63.10517781584755
62.83332154726256,64.73711537282853,63.14134425111265
61.3107824233422,60.011843996290985,63.17232943868585
62.05824655176863,60.45283704085451,63.202305213318546
62.15511957111627,56.07665455256364,63.23512065128304
62.9004887824691,64.0842924071895,63.27411517944238
63.20007837993281,64.16071739841513,63.32196903972495
62.29435466556642,58.86811781173071,63.380599119225174
63.091327294606565,64.64303278716798,63.45110374313823
61.79244790917164,63.289145479248496,63.53375674511814
64.3785948900916,59.51226480102905,63.62804891811977
63.17367109964478,62.11840433790507,63.732773158200615
63.73478451968234,68.35622024338983,63.846147804537274
63.64250231637699,61.56577545457813,63.9659706949603
64.82526805979124,64.8831298457618,64.08979463166308
62.20078378073394,62.72705542542765,64.21511396299215
64.33958205860367,64.25320371586011,64.33955189227211
64.44147221919934,66.70030701392893,64.46103819147162
64.36248452213192,67.42985624262998,64.5779667768843
66.05300534738393,70.20062635427968,64.68932256392515
64.38824856621362,63.360027476191455,64.79476807672962
65.71446809384182,67.4326634749582,64.89468296111478
65.58850196510967,68.34300241793294,64.99015339751156
66.38716888611283,65.9990549009621,65.08291239147987
65.20210308498791,62.843372275222194,65.17523540579339
65.32112036923033,65.79203295497697,65.26979880682703
66.7665272847302,64.77982855539484,65.36951097708899
66.46208308844285,64.15233200833467,65.4773271887432
65.2479654009256,65.96996802559451,65.59605935419867
66.11693842961643,65.49929221070639,65.72819109170692
66.92990069931236,67.50558333605315,65.8757077115013
67.410782689853,62.323017414550144,66.03995005841003
66.51371865410519,65.93795325237784,66.22150076506466
65.11393427886087,57.70064113724146,66.42011108625752
67.6847875562795,64.25581917774761,66.63467528861558
66.62879271384992,66.3371054489606,66.86325668039728
66.23521745977774,70.2140578081227,67.10316464993306
65.82889899368188,67.58968057462863,67.35107672417222
68.54530493352634,68.8413980540589,67.60319564214252
68.22934398900489,66.99368310970426,67.8554299703435
68.14493160607356,67.3230299905304,68.10358737363994
69.4385569078505,73.72129561001458,68.34357088414588
69.075469044362,65.44682956335444,68.5715694689781
69.92359051350783,67.54394562909425,68.78423496712665
67.97982487529775,71.4786052870243,68.97883837749903
69.09281772405993,67.96479385578544,69.15339929517513
68.14725524372952,74.50713493319736,69.30678261891427
69.28001019839549,71.5453909989721,69.4387568574632
69.42782555833261,73.21589273120448,69.55000938120638
70.2014044842144,64.8696164530142,69.64211637031185
69.95521128617874,73.42995449457386,69.71746865656195
70.51985047641745,67.73399351409462,69.7791579931916
70.73561373126952,73.08320253616768,69.8308304339204
71.91097112903155,70.71809132293072,69.8765144465567
70.34068812394223,71.07144629897917,69.92043203509672
70.06109802770382,66.43284659864344,69.96680225292685
71.05001813463313,65.40680044671956,70.0196479498876
70.47362101062582,70.96742107470618,70.0826174769396
72.22954297184276,71.26592816464198,70.15883235333857
71.15035147867457,68.21885041466817,70.25076959283858
71.10859892921717,65.59175458500233,70.36018471392914
71.32992866621012,62.55619614258923,70.48807937921659
72.31752260508213,74.03470984791755,70.63471546329173
71.85840621794094,71.0218360082775,70.79967379373487
71.67326355440518,69.69268683121841,70.98195094829467
73.44116504250326,74.13915140156911,71.18008315534134
71.82846001873098,75.1555373624853,71.39228410662022
72.60439195026092,73.48852534702948,71.61658340407155
73.18716819328925,71.73377866090074,71.85095386127516
71.73900377526519,78.7332115439192,72.09341861674497
73.36681639223642,71.28165327834553,72.34213253412368
72.44105059598648,67.81769555090216,72.5954360658277
73.90384716787378,74.23122586668988,72.85188313333877
72.80158324827067,71.96338635442075,73.1102468750499
74.10716872847355,77.21348040571736,73.36950761485609
74.54234202267986,72.8162026038272,73.6288265637616
74.51651531750072,73.97483795846782,73.88750806107734
74.23389014029655,71.39431583757653,74.14495349200004
74.03970996692937,76.68869565731835,74.40061091987633
73.94095808800411,74.41184381561473,74.65392497162678
75.51617196618584,74.61361168987327,74.90429131236999
74.13794743270812,73.64600396562925,75.15101964188699
74.04193062392652,73.97203572925383,75.39330895917202
75.37304026073645,70.65873526029488,75.63023858182328
74.48849976261113,78.301989970748,75.86077743061954
74.51835911798591,78.13938845177603,76.08381211299888
74.30956937234583,74.44299428706101,76.29819187192818
75.11781132373275,74.90071766036351,76.50278658932704
75.53275702689804,72.26388442387457,76.69655330819737
75.8946710677268,81.56004259981233,76.8786064124353
76.52329712836632,81.39534116626064,77.04828558571268
76.3581004863922,77.65164964955906,77.20521423104283
75.98655065007856,78.67617205324329,77.3493407503242
76.1113004737939,80.14707349883642,77.48095693854364
76.73599789803532,80.10592887615908,77.60069102184418
77.39749808761134,74.58932091127416,77.70947627657526
76.72187850438355,75.70143533607099,77.80849913077425
76.43076215686054,77.96632189823399,77.8991328745705
76.18876576099603,76.8556377391424,77.98286396931827
75.99565702631317,78.4655655875336,78.0612171985471
77.59611640904177,79.7074287208307,78.13568429468859
77.65562545508998,78.465650356392,78.20765929268474
77.77538158544527,69.23555802171548,78.27838324369834
77.40021388355956,81.24692190930773,78.34890074926533
78.59302802842045,81.34492602652394,78.42003005516406
77.38602700101075,84.1727053669846,78.49234661003536
78.50916099961363,76.94304829599713,78.56617818057053
77.92772987112195,71.88330412147099,78.64160974109372
77.64218505499545,77.05034449553834,78.71849848706407
78.5947744973588,80.0926100923839,78.79650109619037
78.57750204820817,77.12768806386804,78.87511462114739
78.65016088409739,83.14941607460914,78.95372955759107
78.56545677693138,76.40030900449365,79.03169084067399
78.5890665556333,78.25817946539703,79.10836123868151
80.39321912804415,79.58641305922174,79.18318162991392
79.65483200653037,88.75411240386771,79.25572299058322
79.43504094516736,76.46325684227057,79.32572522328039
79.1092371039117,81.02377929250129,79.39311900866515
79.8365989171146,75.89683798354126,79.45802941301636
79.59348194163135,80.71834930361761,79.52076320284574
79.34720124496599,76.2167075607221,79.58178392925437
79.21300100165651,82.82063632579279,79.64167905216839
79.46414812234741,82.44265901899881,79.70112235007515
77.3954330521355,78.28597435691734,79.76083382613169
79.85472963906405,75.29107227614921,79.82153919678603
79.45658168856477,79.28208042156763,79.88393178944459
81.00320861566658,80.00568750674536,79.94864010617854
79.99031492642214,82.71386548036567,80.01620332980049
79.23153507870131,76.27152311021548,80.08705503902642
80.11452098336758,83.90293062930445,80.16151374147535
79.501363602695,82.6742323721483,80.23977826575447
80.64782004683477,76.14001347887114,80.32192633338302
80.60145144022165,79.88118984216916,80.40791539589453
81.14818824864203,80.97981644121772,80.49758570935963
80.00254626754385,83.30188802198072,80.59066595241686
80.65697514304695,78.40431750916926,80.68678120903054
79.7531954037018,80.43410256771331,80.78546254770639
81.27382586190166,84.87855510062465,80.88615742560596
81.21857844992113,82.04270002644284,80.98824056903635
81.27353423628114,75.18183028901,81.09102556701443
80.99721201308463,79.37526625270606,81.19377824869935
81.35452658817913,84.32025855745204,81.2957335537706
82.25382190040817,84.81004387774713,81.39611708065789
80.99630292459568,73.61867545612714,81.49417093174846
81.3564838181258,82.01487040157659,81.58918223340979
80.56117960753963,83.66391730701886,81.68051228094122
80.7741875039807,82.54177023675335,81.76762361306314
81.50940191887254,83.65301926081966,81.85010099133927
82.27110290738597,89.03515793637146,81.92766137390717
81.3748182857065,81.23229921133203,82.00014875334719
81.44338176506473,82.4429981683278,82.06751235370487
81.37644973600656,78.29506063563011,82.12977048314141
81.33811812797912,79.25650234955184,82.18696597472945
81.96853340289296,80.87971308862284,82.23912100800297
80.762000849033,83.54895974889952,82.28619840952624
82.75318414397272,80.30115162617105,82.32807395313527
81.43558884501682,85.48494734070208,82.36452123360081
82.44998319041599,78.86457967334397,82.39520859005607
81.09732198191244,83.19511973844362,82.4197065757394
82.49457912236605,84.30526566252041,82.43750413556864
82.53521805778641,83.37970338219827,82.44803143850851
82.37065600409254,85.60010712384957,82.45068722188046
81.44086054041037,79.00544828846529,82.44486902381745
82.34527489288732,80.81645679431826,82.43000601545279
81.37446382146675,78.21482544217585,82.4055956066138
82.0560589945634,82.08561687055081,82.37124535581653
82.98234765585899,82.58895754947278,82.32672023438569
82.84658725653304,85.6556174751697,82.27199245607049
82.32503088365348,83.5937089269121,82.20728831624224
81.6559120776963,83.91708629603656,82.13312519752522
82.81242648725183,82.16587581505983,82.05033260864087
82.39468268787891,83.72522752808287,81.96005328232853
80.77585589824447,86.72132672659446,81.86372296884997
82.96523705571666,78.5520826975083,81.7630300517457
82.41610918499468,76.38418569362457,81.65985852250273
83.2888190956642,85.3777879316759,81.55622000676755
81.69279856972508,78.90971946157411,81.45418154371242
80.24653239228316,75.71468348217155,81.35579508680146
82.67467223395515,84.42580103021366,81.2630327940586
82.69084701162286,79.396660202136,81.17772991838565
81.30907089206299,86.35691900540678,81.1015347561731
81.81172905189915,82.32492337493348,81.03586316678964
84.42781755222333,83.76330410127127,80.98185466584737
82.28607254543424,79.59142535204687,80.94032855661673
83.01085446506936,83.71663655928464,80.91174143972843
82.04125295301431,76.82329542980861,80.89615056939712
81.02938314492312,72.93380217321753,80.89318985387688
82.36764384706795,77.27027691250605,80.90206602091202
82.29348055471426,86.023275226734,80.92158080735946
82.19041853114459,79.1593957616874,80.9501808843064
82.37936559680935,77.67443662910456,80.98603217442569
82.63223526039602,82.34098142158199,81.02711150472655
82.32815253597397,89.62475813696291,81.07130679847171
81.53277206162083,85.1140048663627,81.11651646603106
82.74060432369066,80.11527861615738,81.16073940506759
81.01677167622387,78.33234546914693,81.20215003740613
80.92549886132817,78.31489840960359,81.23915752149651
82.85595490564604,79.87043823661294,81.27045212748673
82.66958675348518,84.45313837350987,81.29504269740124
82.24900672474887,81.14715153923068,81.31228748335
81.28524990939498,77.63433615507894,81.32191843100752
81.7377787664402,77.35504473964069,81.32405765139146
82.01902132108238,89.56602904578916,81.31922419143164
81.0538239836265,83.47678878388245,81.30832825971433
81.62001671839553,78.81218337371591,81.29264898282939
82.55873969797085,86.53507721404468,81.27379204098479
83.06438208966483,79.28473716651581,81.25362573536714
81.7332157600651,81.28351613418307,81.23419700741985
82.5163094146999,81.70761986692824,81.21763137602602
80.60527273373567,81.20327225180992,81.20602233413291
82.3634817745224,79.27354315136887,81.20131655905386
81.29426137333702,81.7156913096564,81.20520151563035
82.0257392770669,76.2913446868537,81.2190018183
81.58916010554955,80.35354205379274,81.24358997967337
82.63728823515231,87.01662319682521,81.27931568324787
81.04973224525037,84.41271794479027,81.32595567653753
82.04843264016485,79.76562211643777,81.38268487653838
81.35916158047539,76.35434554958522,81.44806960014141
81.38815451774629,74.22780219308507,81.52008571583886
81.31287073975804,83.33807250258218,81.59616568449594
80.79065171517153,81.70372310413924,81.67327675353333
81.31226824666956,82.57721219063437,81.74802827086523
81.21626466748378,86.76116082492764,81.8168016187829
81.36543997076136,81.86690767703882,81.87589388093026
81.190657607481,81.93872906562375,81.92166659744039
81.62351774679217,77.04034498009081,81.95069298383227
81.64328716266455,86.96953079351097,81.95989932082192
80.1918032041203,79.65404881419097,81.94669751445683
81.46429447244873,78.78507669857204,81.9091057598235
79.95314532599608,80.63488056308468,81.84585352443084
81.12102722440135,87.68171679004153,81.7564661839378
81.06782011714432,88.07091851364714,81.6413235442995
79.21909115625995,76.03634186314251,81.50168583414396
80.54365131962892,84.3986748054289,81.33968191422616
80.07072214090245,81.17186550260425,81.15825749588123
79.78619601702952,83.02533420846109,80.96108436355703
81.18015745238075,82.08774094555919,80.75243363721077
79.69278967703175,81.70950989423075,80.53701741534587
79.50028903889131,83.83395060636778,80.31980468519785
80.03071928999782,74.29373331388628,80.10581944904509
80.36922643668935,81.55119316877573,79.89993123198627
79.70035007662194,75.86454448400445,79.70664980192339
80.52477262147389,79.00424398622995,79.52993628350647
79.98743316381903,79.99061881536612,79.37304168007229
77.99707631132313,74.69155471710253,79.2383817122101
79.05591787104116,77.14906254570222,79.12745458386598
78.93663179938527,74.34251465536344,79.04080597944348
79.56751614477848,77.62165649775523,78.97804282002268
77.29530923687399,78.97409710589984,78.93789360516365
80.81639109999065,83.65493195161837,78.91830883228272
79.30190119613151,76.7784667868304,78.91659114942138
78.93120101678028,83.28613587745815,78.92954281070965
79.54960500818733,81.44332928234479,78.95361811459902
80.25731228297583,84.95859015780849,78.98507031663003
79.119261009,73.31140394160786,79.02008542062663
79.06563922179653,80.08649035275327,79.05489894222754
78.3834433901418,80.388120910565,79.08589543958193
78.08215224851814,72.44567897540742,79.10969302940659
77.73620403703734,85.65453578775103,79.12321564711236
77.3778149017675,75.28999558194991,79.12375503710822
77.36081907845205,79.14458517445193,79.10902330180818
76.78079007740699,79.82035694149633,79.07719591393483
77.5563457595411,77.88820880178233,79.0269445492681
76.31230289583522,80.85758859965779,78.95745870070692
77.50617589422333,84.05014351815613,78.86845470799332
77.22692864707855,73.58758687908033,78.76017095200174
77.23391417427223,77.61485398028603,78.63334890508523
76.6431525484875,79.64642041851378,78.48920116238385
79.03893013176457,73.6828346208204,78.32936840551687
77.71260263487328,81.20324208643027,78.15586670293122
75.7636582667714,81.36081168945277,77.9710250253973
76.67109765090963,80.8820331317988,77.77741143884712
75.95468581071243,77.39271215502316,77.57774621393813
75.54131536397956,80.59048705544063,77.37480168983271
75.18353562232234,76.35591638432045,77.17129178751266
76.29325949200098,71.96513592515889,76.96975741233277
75.38186331802206,73.67013598627396,76.7724564695953
76.40344251215063,75.56503793166377,76.58126798323471
76.28777309663181,76.0780265012882,76.39761834448774
76.41906670275837,76.1100087663708,76.22243447145537
74.72491031229943,73.61550548724851,76.05612506556703
75.51765830829763,76.23542868732618,75.89858841905696
75.4900222629765,80.42366728303381,75.7492434791556
74.57687589098171,75.27912934533846,75.6070797640505
74.22916478143588,76.29125032681154,75.47072141090155
75.7557963449191,68.5600985560291,75.33850148122193
74.64724194961003,75.06042617373303,75.2085440944637
74.79118557798479,78.35582306672498,75.07885251432258
73.62773283102247,77.7171937831787,74.94740013582508
73.20604366686341,76.96178939535118,74.81221945836732
73.5164779513026,74.51161746909807,74.67148357632416
73.68303552751868,75.04067427712776,74.52357632577704
72.8788764430339,70.67246263274555,74.36715000656311
73.47015589123103,76.24167558386465,74.20117194087749
72.14756198837031,69.95862120682901,74.02496208954538
72.39721710807783,74.63043695145635,73.83822350950814
73.50190402369101,73.63805957627747,73.64106611367612
73.30523143568473,73.35423735243216,73.4340225727993
72.45788731647788,75.74179421466494,73.21805377302486
71.86871512844407,73.70938061066343,72.99454044170758
71.71025798315084,72.63713053468986,72.76525764783126
72.01579943937631,70.38333828159708,72.53232980209177
72.57526856634354,77.83058961541225,72.2981650513611
72.62028299847069,73.71234783990698,72.0653690361904
71.46874654841483,73.92005273878969,71.83663894205024
70.85409960469731,71.11959267228592,71.61464039822816
71.69369367274531,69.41836704235651,71.40187243158562
70.77383630340451,71.93799827461346,71.20052856578172
70.83110603020006,68.87709303357465,71.01236404458746
71.96462833154021,73.40046676585239,70.83857957417506
71.45846386568918,60.748818476284825,70.67973135803193
70.83212464918131,69.51752151615506,70.53567602956501
69.67278627190936,69.62572495199949,70.40555711689291
70.55223734619818,67.42187093326288,70.2878362974988
70.9888091657466,72.18195425547935,70.18036819110394
69.82226989321092,68.43744616534335,70.08051309419074
70.87084879252622,70.85146633456138,69.98527894837761
70.66945320606999,68.86054065279872,69.89148206451804
70.76823023303675,73.95593672248087,69.7959152820059
69.65601246688915,71.44670933331165,69.6955120148118
69.69189692011628,70.66897893638651,69.58749511260456
70.10870588616653,70.31202551926393,69.46950096323971
69.26969040737994,77.56974299248854,69.33967174848162
68.44309469820563,67.92681679449782,69.19671182920268
68.31714283718641,66.03147138214625,69.0399077254851
68.63501216609964,64.78756755698775,68.8691149692802
67.40128453150115,70.37069879952044,68.68471820181914
68.040819418045,73.39094597808963,68.48757179079398
68.74489245094877,65.96340966179724,68.27892704454528
66.27944265458444,65.34502890790394,68.06035074527213
68.72328719187979,67.54441588508853,67.8336396660933
68.27047596530558,67.8634590024074,67.60073631232835
66.99849444396749,61.20049571914727,67.36365087129575
67.5360867533975,70.1820145630301,67.12439290061432
66.99318439554965,70.89698734069728,66.88491420925557
67.6871428610066,61.44052069269349,66.64706234503954
67.34911372247535,73.11484853278577,66.41254282580942
65.51620574657184,70.82146179577045,66.18288830490292
66.74230899771477,56.67370907011544,65.95943416991801
66.02222271082782,58.89410022067491,65.74330211926154
66.05906527511823,65.62307748089236,65.53539487564964
65.32628230409911,69.64267609384031,65.33640444749888
66.89463515819666,67.84503506094751,65.14683262509723
66.233951997513,66.30408916587923,64.96701810972552
64.82308788073051,66.70460408129928,64.79716298898467
64.24178521524166,61.59137054281176,64.63735283775449
64.74120922347005,68.93073674074259,64.48756776354078
65.15059832261825,64.8107529485135,64.347684371158
64.84997243614815,59.49391200209258,64.21747035121581
65.39453514573592,62.78550058195581,64.09657454189532
64.90594820985929,66.11623519302171,63.98451590360052
64.86752982130173,63.91742970356504,63.88067438963983
64.2536386792342,62.963797758032165,63.784285312551205
62.88853689521647,63.554122541054994,63.69443754900135
63.560477249787866,64.73670580565158,63.610075484895816
64.27617973663467,60.24073407358156,63.53000462631551
63.3349483988618,67.3477977331508,63.452900740496865
63.56033839645189,63.130280834239095,63.377322154602375
62.822491466876194,64.1989928664676,63.301724675793096
62.16248287436694,62.48187939344791,63.22447885123465
62.63505817849123,61.289943434286165,63.1438900614855
62.77610827388986,65.7661481139268,63.05822280085851
61.93951406448921,62.20573556991129,62.96573088244694
62.07257850892445,62.31304804468112,62.86469520724929
61.41940963889091,53.25690798735683,62.75347055918571
62.70035556445744,65.38966177797468,62.63054250946278
61.551024022528864,60.9917019714738,62.49459401731189
62.614755571862815,65.09080834665968,62.34457822382299
62.50907447728997,67.90427419147285,62.17979038475514
61.223799655783466,63.92430513785441,61.9999298671218
60.41667098266008,60.5942783314821,61.80514381321812
59.50499807090979,58.56556474777173,61.59604707544115
59.777746111086834,68.06169831681822,61.37371673103859
59.690052859690034,61.27547633317457,61.1396621881754
61.46076650829378,62.148318349469655,60.89577332048293
60.42156647453769,59.82155408189299,60.64425040606019
60.45843043747509,57.51787329013558,60.38752167982414
58.47721257777164,52.079284038883074,60.12815626852739
59.03932823857478,64.02853359872374,59.86878072681438
60.34587085462302,57.78962395646988,59.61200555808077
59.77329529310086,59.14909191695755,59.36036457756099
59.31779150519424,58.96993733365995,59.11626642473995
59.66516520653197,64.3655209852827,58.88195530802845
60.26444806539694,57.75113800032876,58.65947732044732
58.81496266608794,59.659023790122255,58.45064912187575
58.86925777033556,60.549068384401046,58.25702734996066
58.80724191208121,54.26646791586302,58.079879396437576
60.1993594589376,55.35024271767964,57.920158319026726
56.90854022798855,54.56339498868623,57.7784858300306
58.7103155697076,59.50951252559075,57.65514690129918
58.00644529644253,58.3885137250639,57.5500974546569
58.33908659473987,57.948515582903234,57.462983792726604
57.338531679455016,59.47824930828012,57.39317036652834
57.62158397114221,54.811436794793934,57.33977199355732
58.01184916598446,57.4524905514784,57.30168736446091
59.55175062469354,59.179350146605394,57.27763165594275
57.79805412497249,55.07648867893721,57.26616660238516
56.49937580941285,64.04855262616078,57.26572646089265
56.65787446801763,49.57199700645016,57.27463845630809
56.499506334014896,60.56873321845083,57.29113691043406
55.42325517520333,58.04735903247131,57.31337109110607
56.31338435237138,58.96443333018845,57.339407275912976
56.92261642797646,57.236983688629095,57.36722559978129
55.38382215962751,59.75773819221878,57.39471264012902
56.876844457564026,55.40629951237772,57.4196518125407
56.35245762299326,57.63959293376496,57.43971514646132
55.36616045904265,55.606245686156896,57.452461264124125
55.6511745663926,54.88923341654932,57.455344948718086
56.74021809863947,57.13987242224977,57.44574330623745
56.00706271419668,52.89529062207141,57.421002159809554
55.37296589935636,53.19504935671843,57.378504094912856
55.074741488743534,60.25790789560768,57.315756606115485
55.1701255853517,64.62128737316031,57.23049524593888
54.63473360105082,56.34010064708788,57.12079340037649
53.39721408871126,56.13114591038996,56.98516896016582
56.17874798180708,57.00536935664933,56.82267959331565
54.73776183977368,56.23026514695177,56.63300126895274
54.788686546842406,56.57223344259244,56.41648696381089
54.35154729918904,57.74758043475763,56.17420327680665
53.76076217013978,58.80170207601825,55.907942692832606
54.02963162968936,51.12890027620771,55.62020943265312
52.92582246567151,62.20053154351838,55.31417762866185
55.5261760271942,55.979675233811975,54.99362184482095
52.95608173507025,53.41065379262798,54.662821488677686
52.987107575388535,51.632833572694025,54.326442531797895
53.29177664244074,51.95005561768362,53.98940200048673
54.39332643910976,56.41492054060591,53.65672193877169
53.39479715138265,55.484565119760525,53.33337918621143
52.41357600272684,54.26741568413159,53.024156044565196
54.05241149586717,52.56062613059178,52.7334963373298
53.58286250082711,44.72343043044762,52.46537226228506
53.34614811772136,47.45709639415902,52.223168860207565
53.36964357089016,53.41322551531608,52.00959293907753
54.44538332707666,55.54701827873512,51.82661065215953
54.2009211978053,52.82438881366488,51.67541350715079
52.09401299304708,49.8214088638466,51.5564089518688
53.61613605093934,54.58924045587754,51.46923068869476
52.65369051175272,52.300677779416695,51.41276504989378
52.64225887699632,51.079442102344366,51.38519154582224
51.01709332144153,45.71850267984565,51.384037259883044
51.992585166767405,49.22461997857516,51.40624590033147
51.45444118099078,54.51318938743902,51.44826238955168
52.51602040160625,49.35874481447451,51.506132258344934
52.60050487616876,54.777181230112696,51.57561246108392
50.314393704201095,54.86156867727263,51.65228813666063
51.668320128250095,49.07376755540872,51.731689359402544
52.387691015842286,50.92930034101274,51.80940295437313
51.39179730832361,54.63014108363299,51.88117615716732
51.95435094239375,55.99783414297546,51.94301029257098
51.61281307107857,49.4979938631693,51.99124345496085
51.53061501140954,46.2129292058242,52.022622095113306
51.02746028409005,55.143246309066726,52.03436276630726
50.293181854489006,52.2081376484685,52.024206033859464
50.28861195822286,51.60261086019604,51.99046380383877
51.50061857855776,54.50360861772916,51.93205984173831
50.94958243533577,47.06262322813416,51.848562441514304
50.77240082207128,52.05546862759701,51.7402083374991
50.5075486661207,49.57192188374964,51.607917153877
50.52707288721509,52.50401177632941,51.453295100409875
51.41150416232388,54.03221718170117,51.27862518565708
50.38348952990449,53.58642204786069,51.08683970853196
49.62044927938675,51.58362977770576,50.88147026598896
51.02233062595018,51.84453006211585,50.666571557772805
50.30249188334733,51.234497877322674,50.4466175779717
50.41357077194047,51.61649665756112,50.22637147727793
51.464148988174514,49.41652957769598,50.01073274593427
50.27326996097336,49.05810331073667,49.8045672313226
50.44048189278375,51.76007919835855,49.61252691246402
49.36477560705797,51.49824182752427,49.438867294600556
49.9898047304652,47.85465635856414,49.28727093607059
50.52538009115885,46.99420616459244,49.16068641767396
48.9666804650846,43.47197795291452,49.06119305978107
50.15435990134596,46.01738981817982,48.98990202126463
50.04424855404865,48.27459009625758,48.946902924722046
49.96412671011184,48.49930299241532,48.93126158362271
50.62437547998466,49.69671786629442,48.941069804011654
50.097221732543176,46.14496165825375,48.97354416832622
50.864130912172136,44.91929328825644,49.025168040635066
49.10195239028505,49.517059243319466,49.09186932856294
49.86221857756724,50.27865386494352,49.16922469899185
49.79742936411948,51.83530730889054,49.252678504957274
48.962683484700406,51.635872694648654,49.337762443879235
50.35505764881744,51.64192690023856,49.42030121053014
51.28904503239709,51.665135815096825,49.4965906420093
49.62762748114263,52.50078173965747,49.5635375953121
49.97244218049452,54.64311894417261,49.618754301169346
49.65912577011179,47.439740229277135,49.66060381047842
49.08313061770102,51.60945757539613,49.688197303884834
48.29242810704061,46.24523233358678,49.7013481234175
49.05888421298678,49.77728067068647,49.700490565143625
48.56616647378222,52.07407889589116,49.68657301160396
50.72266806408857,49.82508339445209,49.66093501045929
49.44012774754256,46.31747390492778,49.62517736879257
49.27111849175024,47.76497950513016,49.58103409602801
50.12987749817165,47.00403778657539,49.53025494762953
48.718102737295446,45.19486334973564,49.474506435894654
48.96403367544534,52.92139384563174,49.415296869594066
49.54765063680395,51.29373847630868,49.35392766991668
50.22095152606373,47.86093495669756,49.2914700555268
49.85445750347976,46.62581682603779,49.228764394470204
49.68122162075538,46.67883968289073,49.16643928134846
49.56784338211708,47.20725925005839,49.10494749687436
49.80074333283622,53.58127065577369,49.04461501138567
49.67080211166882,49.3097252988705,48.98569702605033
48.8193799998564,55.81072081426747,48.928433064814165
49.5849791588616,49.45464116258936,48.873092902139256
48.815151113852274,46.92713180252751,48.8200072344278
49.6391453840223,52.682074207744336,48.769580774177086
49.26323186437127,43.78544247677384,48.72228936773787
51.39619203780806,52.01427131417272,48.678665523243836
49.6112780748792,45.63554831229686,48.639278038624035
48.67845339199947,41.52142970671864,48.6047115812769
49.591347365118494,49.20548242000644,48.575551297750295
50.074310150471646,52.81223748541564,48.55237558598037
50.90922984740692,51.61087145713867,48.5357571398682
49.35400228806368,49.66143872920287,48.52626966065022
48.689288218229606,40.16571798762368,48.52449705866001
50.40076444928096,49.89250955238686,48.53104358145147
48.89616889534151,48.41997422782166,48.546544911171885
49.59250397128664,51.63013934785626,48.57167989779671
49.75431504805866,46.28381963894736,48.60718064479702
49.92435070756816,52.64548357519002,48.65383708161008
50.49555826289063,48.8248841537176,48.71249205374128
49.57624843562066,48.59459488374544,48.78402399252527
49.90642735014683,51.63798108128797,48.869315728258805
50.13288574737028,46.23176735752241,48.96920964046147
50.29401801863174,52.99727794577224,49.08445086655361
50.305785563707765,45.862786641909416,49.21562153729969
50.59209551074801,52.7409622132531,49.36306995578687
50.92873692174429,50.15643092755861,49.52683937558414
50.6656186922199,50.16127934109352,49.706601728817226
50.762572695569,40.70942705697105,49.9016024898048
49.393351667628174,47.45576238545793,50.11062356699863
50.5934637763471,49.90397012769613,50.33197056984843
50.95290187510864,56.03213203010303,50.56348793933213
51.18798743420929,51.070176737967294,50.80260101093448
50.25509881027197,48.11347158861971,51.04638056564871
50.34196015403255,53.07622048459453,51.29162453406612
50.4664816473329,48.80962826919863,51.53495251204479
51.3104209899857,54.69590632877642,51.7729096989022
51.72673514047122,52.5839176926656,52.002076896603384
50.78738465534366,47.83698831178065,52.219182832231965
51.779262899132455,54.85530596052184,52.42121495133529
51.302694800567565,53.27399367745649,52.60552488575448
51.20330838594325,54.14107983617767,52.76992460142945
51.217861393836536,50.62055043085287,52.91276892158168
51.96544510394304,53.93705530066215,53.03302025025879
51.74916557742559,58.04804824476213,53.13029191238016
53.19423217274132,53.756399311706886,53.20486718901257
51.08593170450801,49.77845027748693,53.25769201523111
52.127927899220346,57.191858774952415,53.29034088889364
51.47900864111039,53.66701523742962,53.30495749810147
51.326557556632046,49.84903557342943,53.30417308084846
52.01446844110605,57.70539525027301,53.291006393351935
52.2066383417481,48.259630667500325,53.26874972324942
54.2430195930728,55.97859180146765,53.24084569315958
52.162583871592695,55.92287609200946,53.210759548725385
51.59292088181127,55.10806623031978,53.18185145414959
52.66907649122493,49.71732741406205,53.15725362323894
51.12099750425286,47.0521657424413,53.13975825930522
52.60549633218753,53.358238953586365,53.13172353850886
52.77903866336749,55.090495866719294,53.13500466972534
53.42332065063845,49.88779356524324,53.15091475451481
53.64922996726358,54.63902744980454,53.18021699855532
52.71709419340336,47.93678090970365,53.22314741156852
53.06735597429407,56.54674896666072,53.2794656831751
52.74097805539876,50.86726619679792,53.348530600096545
52.59336923709348,52.05538851060163,53.42939473866189
53.706952710465806,56.54176909758354,53.5209115197476
52.70678205917618,55.23620097790286,53.62184642380739
53.41756009263975,54.972024766158576,53.730983471735954
53.12191457094319,56.49844518722419,53.84721834805561
54.315271348363225,55.65687619575505,53.96963103428778
55.30465911100065,60.052326003903474,54.09753330853901
53.24690819784968,47.63582074425295,54.230489560097595
52.97645396530174,52.78108496360772,54.36831274627458
54.30286700814453,53.96810803772426,54.51104020554573
54.51915933298517,53.80097175099196,54.65889517676922
54.78026576183211,56.41174952587031,54.81223880443731
54.43495166593736,55.13682297830585,54.97151524888055
54.728226676031305,57.43349970112813,55.13719085103509
55.24834386845007,51.36543693498666,55.309687835524954
55.84290258565259,63.36097571906696,55.48931354133907
53.870670821479415,52.58834729239531,55.67618712072689
55.10662850068698,56.04714170215662,55.870166809611696
55.641297977892975,54.96485990126194,56.07078229906521
54.97684614270076,55.24273128199072,56.27717813676341
56.96008483918615,55.20566731580023,56.48807473853203
55.43334205258256,56.108341726029366,56.701753136634174
55.98010015122937,57.882721017595415,56.916068363944156
56.53009665431952,48.65280848791189,57.12849487253975
55.85984487906481,54.78226273633373,57.3362057477753
55.114979733270246,53.91265986684672,57.536185195193795
56.24231952726447,63.85503839829654,57.72537008104068
57.39872961543298,60.21962011178557,57.900811460908876
56.57897128069358,61.49891746799683,58.05984294039108
56.35988993333398,58.19041719953301,58.200241493001926
57.73886622440969,58.00898579672929,58.32036835961384
56.99874677851638,58.19312232955923,58.419281254279
57.01344800553805,60.6966173375338,58.496812300257616
57.61631500754673,63.356412071666746,58.553608038121524
58.193205734010014,59.183883376612805,58.59112903719267
59.46370036221454,57.42058892246288,58.61160828316886
58.51920763211351,61.55165773731627,58.61797015990666
58.89647858560172,56.09821003925028,58.61371484818048
57.87565484867966,59.156095404915504,58.60277529619227
57.65774188062695,59.89233761691027,58.589355199602956
58.56626303803899,58.2117917103081,58.577756942442456
58.74518005143249,55.777519602159096,58.57220861692556
58.06346592054326,56.57261362525912,58.57669930031901
58.84470126752927,57.80689390192013,58.59483150227274
59.39661631580008,55.94100801201422,58.6296985743083
59.51974490090442,58.253413693087815,58.683792744184004
59.77152047274007,55.00931963636428,58.75894674342208
59.7739025386956,61.712703921849496,58.85630921030755
59.36767303370684,60.46097518232732,58.97635139915874
59.51582888920024,60.387275266378495,59.118900569142816
59.18988663377429,57.92420659377644,59.283194406869384
61.43268610160109,60.60600721391216,59.467951248434986
60.34753203409442,57.62872890847503,59.67145209568121
60.3360595947016,61.992935590368745,59.89163146053868
59.999193432434616,55.545703825259785,60.12617442409203
62.86073517298416,63.135467932617566,60.372617069871026
60.21139170871315,58.13296936070936,60.62844683471829
60.81997870102602,66.5836646277842,60.891198437925496
61.56919741908107,63.29695671144285,61.158540285059736
61.85667275186946,61.8552118377777,61.42834635575441
62.2659449571791,58.63837271928583,61.69875015016868
63.02002821450792,58.54791214103957,61.968179852868786
62.268747309510864,63.89488974386964,62.23537596787187
61.335359044087056,67.23510867091814,62.49939295069673
62.05525560135225,63.39655474664582,62.75958512685532
62.61151329647925,63.18643706959614,63.01557626026561
64.0050630661502,64.62740089897495,63.26721296544406
61.740459814745215,62.07834380679847,63.51450441731622
63.72267444909517,64.38958950952556,63.75755312422422
63.16907042236832,60.9218625582939,63.99648298336767
63.79216718699831,60.59902862029856,64.23137129183976
63.297124668071,63.65539151967128,64.46219081072365
62.94191669505734,67.84007853891544,64.68876623755949
64.2205761311649,66.7691074385446,64.9107468420042
64.31664328622932,60.27122090372623,65.12759468749236
64.70277218330637,63.8657938257553,65.33858687886209
64.17700776558978,66.5679951405557,65.54283032100116
63.93061584498573,68.90569495586315,65.7392871548683
63.42367573031894,69.29880080280608,65.92680787192442
65.25287194478523,64.56175764163945,66.10416829767136
65.14064952505002,67.84399004490099,66.27010747836503
64.33261099662607,65.1501807113385,66.4233657858612
64.79648845311159,64.40380128142522,66.56272491921824
65.01167277386203,65.21615952906254,66.68705282040314
64.4652949829118,64.7100534879574,66.79535651486961
65.09603626162298,68.95037801752292,66.88684467185418
65.03979573494192,60.43336900159299,66.96099965136324
65.70982139067188,67.24526298616118,67.017656513318
65.64654830892313,70.6955833118891,67.0570841746983
65.18979659201246,69.88582165999316,67.08006160987627
67.90954377425926,69.77568208767238,67.08794024301844
67.53549027876342,65.05249078473403,67.0826836291583
66.278313389614,68.82601707393955,67.06687754132204
67.17915473553528,71.52473805066089,67.04370656837749
67.44541914988187,65.75584433823424,67.01689595850853
68.1515720806759,69.32447597685935,66.99061956303925
66.90927494702194,66.23602372001713,66.96937693058878
68.41111132087129,66.39733539234861,66.95784494719275
67.42727613846883,66.39357107902376,66.96071135268173
67.03969818713577,67.46125711998242,66.9824985437964
68.64549180404755,65.63383025690335,67.02738630929129
69.2057073800311,65.6565662509586,67.09904181391484
70.27706258911844,67.35930263129501,67.2004645246665
67.7888216492757,68.86428159799597,67.33385292421578
69.28071301778844,64.47309033438036,67.50049884306206
68.66716884702011,61.39584451715541,67.70071428907215
69.66464559835626,74.16622998105848,67.93379470516088
68.24890465973009,64.9257067739472,68.19802109083675
68.55593319713753,67.91961552740854,68.49070125575442
69.05804002986744,72.08299449030419,68.80824848380372
69.81734713138995,65.10009528964342,69.14629482639187
69.47385872560551,64.75272905374833,69.49983588227157
70.5441043148401,68.46933679681963,69.86340346569726
70.96133448699823,74.11425401482113,70.2312611775351
70.82152984135425,70.75053289684139,70.59761528379062
71.6938535991163,71.66736526291403,70.95683048546182
71.01020105801413,70.04126255750589,71.30363872965366
70.02524250563133,71.86895107322741,71.63332953269625
71.98889335679934,76.68511184707276,71.94191129431462
70.76787607424463,80.55498040413914,72.22623393170323
71.98521436704786,71.49951811065,72.48406441838586
72.60543602408595,77.6102913550372,72.71410978758901
71.97885340683126,75.25627585846462,72.91598723472067
70.76664387813089,71.64234097887287,73.09014697835187
71.3254078063335,64.07699635031331,73.23775895714549
73.04768131734174,71.80827423924246,73.36057810363361
72.15636539466115,71.04691813577784,73.46080376067383
72.4828157353255,73.65962279923744,73.54094620285278
73.11001098918216,72.46235279122901,73.60370829517379
73.21732100205188,71.37012215144053,73.65188533709318
73.07544231061853,79.73353746995133,73.6882825753123
72.88391331440366,77.17451702415654,73.71564782203168
72.9601082987815,66.3255833264892,73.73661597361468
73.92778181497123,73.00586193029683,73.75366307991602
73.8622942830672,75.9316163581564,73.76906917215437
73.44148036357954,77.80663314485197,73.78488965084048
74.525100820396,73.14764686888986,73.80293423833376
73.82255262491947,73.1161734158964,73.82475188430233
73.4611752147609,73.77205252134591,73.85162088464824
73.66971494536286,75.8404646249722,73.88454519977913
73.6587106336681,68.62240490661274,73.92425920085859
74.2951417809881,67.6850374735828,73.97124335618604
75.49058593595845,79.6053024367784,74.02575265017249
74.20369890887825,70.95641828561507,74.08785748729672
75.03860756617132,82.00057803522226,74.15749375330823
74.58550943802635,71.75313485699672,74.2345161656496
75.00058768073912,74.39395700614203,74.31874859963153
74.2624679992001,75.47141398489366,74.41002665902234
75.30088005058876,68.3084159826103,74.50822992548488
75.45447654452217,84.84920373251865,74.61330266484188
76.10212541184785,74.80660142723963,74.72526198651207
76.01310067355102,73.2629211973827,74.84419249790359
75.14982307146207,71.32433156482264,74.97022760951477
76.87852999338047,78.06502127294726,75.1035197581112
76.39668405093589,77.35063801799846,75.24420340295552
76.51720212068486,72.80236470470172,75.39235480910456
76.49971488455958,71.99997441658569,75.54795221587024
76.27047653525887,79.73154168962681,75.71083993003947
76.91106825663877,74.76045690975147,75.88069978975675
77.21614146611833,71.57149419254351,76.05703273913777
75.7839361161718,75.29877732965177,76.23915225023927
76.752062284495,75.43446695761357,76.42619026574451
77.07204973792942,83.46782372015282,76.61711474314191
77.55002362000941,75.83734433911847,76.81075583026995
78.32507528013504,77.31414515205955,77.00583648473115
77.06744226972923,77.78722207569791,77.2010040306446
77.37582889310654,75.50347508210938,77.39486117088137
77.48119605060964,78.9274611751089,77.58599685745426
77.39328318518024,74.05811214266245,77.77301829548128
77.82450790026564,77.03960179021207,77.95458526605196
78.71907799799882,80.05336001087463,78.12944714903465
77.55259043407493,81.28385200836385,78.29648169205055
78.69927394704415,76.77667750210028,78.45473324565235
77.31675968808723,75.35500339377353,78.60344771073567
78.22218997982493,83.27717336532055,78.74210199955039
78.49025663083276,76.68037780751956,78.87042652580632
79.9978001233393,79.81169747620976,78.988419373469
78.73625213765827,84.35379649276426,79.09635067429028
77.48966457384383,77.71091353587975,79.19475607706309
77.73192967807942,76.91933312396797,79.28441932852135
79.25427511262033,78.68633898904386,79.36634569156583
79.75807213209475,77.32951265413705,79.44172938614423
79.68789559827745,81.16638991931914,79.51191845413682
79.63767569694058,76.60703539614332,79.5783792765768
80.42790508665017,82.98128468317888,79.6426612432756
79.32919347597355,79.3790978255659,79.70636065371018
80.42455663079444,81.19687128473649,79.77108218839369
78.74553955189307,84.41867267342495,79.8383963632329
79.34292704495286,74.59018864173333,79.90979232907803
78.79850308208465,78.87860315499627,79.98662701325873
79.95667413973389,82.04947608126461,80.07007321598732
80.20090047904311,78.17975652421356,80.16106991181104
80.39594711577004,83.51545038039174,80.26027740414351
80.4407541299792,78.65427391790148,80.36803898363793
79.82806699075614,80.78454216491413,80.48435031027569
80.42265509843563,80.01761407717034,80.6088379893763
79.58462336181175,80.1152515956407,80.74074922755605
81.66264391697287,81.90518345845044,80.87895456848925
80.56992068987206,80.4650785376174,81.02196544916342
80.51283425118436,78.95994098010804,81.16796792553477
82.03842137837029,79.85830016763136,81.31487355829525
80.12620509133139,81.16258609535925,81.46038791384416
80.27598013540167,80.44884749323941,81.60209604272237
80.36314245417144,78.09317636463274,81.73756260594679
81.14807772952574,82.27432070047396,81.86444233495818
81.5612997858171,80.04420172259532,81.98059438835205
81.83897299102458,86.94055760955598,82.08419187578696
83.18210576336686,91.34620339791388,82.17381574677023
79.86607550357245,84.42191825399232,82.24852155077511
81.92421671413682,86.29729954263392,82.30786965337495
81.16398263297334,83.83431629459074,82.35191472426172
81.19779872059539,80.50958611282407,82.38115734358568
81.22720174818355,74.99859938477366,82.39646713437597
81.07608872311296,77.71423973188851,82.39899104554804
82.94100734958671,80.72141437144121,82.39006114422055
82.39948281875748,86.36065980198529,82.37111331460613
81.87256404287959,82.7126342386168,82.3436230087583
82.84690284640355,80.68377555570888,82.30905935472182
80.88569480850961,74.83379034574988,82.26885646388851
81.05464872800539,88.65778529503228,82.2244002419898
80.5016419424214,82.25082175032495,82.17702843435019
81.57510199951372,84.55486322655666,82.12804015293186
82.21474590545705,80.45786827076806,82.078709916607
82.20881094686706,81.75418574137566,82.03030158192048
82.27498700319497,81.14716547408118,81.98407902118721
81.21472695732285,81.42574076606546,81.94131159898875
82.79507227790745,88.84894733529032,81.90327270510548
82.4293755425074,78.47953367220218,81.87122931983004
82.80191882099516,82.66657925118724,81.84642083847366
80.98936134930298,82.17296982164235,81.83002665474227
82.55621947590271,82.1730782398158,81.82312369957717
81.52898576894134,84.79348581367616,81.82663635241063
82.10290305648428,76.4102778764215,81.8412818067005
82.7740529301148,88.95250224346881,81.86751458566644
82.48108956596089,77.98601439842055,81.90547462652317
81.83692923458842,78.13036394288319,81.95494398334137
82.45143667708072,80.97730499285004,82.01531754747656
81.38736265764632,79.26338836846683,82.08559280406723
83.27536888883773,84.6676696585696,82.16438192886724
82.33557857878075,83.34803645985785,82.24994669066525
83.2697084709825,83.64215653802356,82.3402539266724
82.12394713811788,77.47353080539295,82.43304801533823
82.1301610476315,81.67278027629733,82.52593684132718
81.96422710574686,82.02894662957941,82.61648808224783
83.11332167229287,87.15497684378423,82.70233199159472
82.00258853623927,82.65673022490019,82.78126522649032
82.94794601890622,84.20299878328267,82.85134900921454
82.22490009763561,88.66155696452931,82.9109952058225
81.10367912746275,77.29872199933119,82.95903573946065
82.08021992981924,80.80729140954787,82.99477331638572
81.64500078770048,77.91960203259086,83.01801365930625
82.48339653264206,87.75251309896966,83.02908005139476
81.61401969948166,87.10722848754213,83.02880936056583
83.08148181060055,88.09479305950532,83.01852607471142
82.35389530273427,84.14926700128053,82.99998979450302
82.27603697940259,83.52401933018177,82.97531369979559
82.84054277994778,81.33824292730893,82.94685598929094
83.03557747759122,85.55919058662917,82.91709102657775
82.32456012982776,78.12188665719218,82.88847020023898
81.7749401943384,77.5610749385961,82.8632839255281
81.04751972358079,79.6704081298673,82.84353598494992
81.78195112937472,87.9710007439077,82.83083942159858
81.80139705862976,80.11734897070284,82.8263395490284
82.27802056479082,81.0370011462321,82.83066560187004
81.92949033128319,82.87333520456414,82.84390977637409
82.61904031476452,85.56634178224384,82.86563112980527
81.67317768047926,85.77959757477598,82.89488108760222
82.02550406502513,78.35085629286252,82.93024687208528
82.85578286589094,82.53870543535736,82.96990954042714
82.2262237895675,82.96259081051856,83.01171429985133
81.90327406360358,82.96845102115438,83.05325120112691
81.48069732397082,84.32035629627183,83.09194361066346
81.4139627622004,84.10370191957021,83.12514072330946
81.2153744732642,81.29899221604977,83.15020977611864
81.38409530527221,85.16370744531069,83.16462380738899
82.24218471511873,85.41963858084364,83.1660413984509
81.50674247352715,84.42048750429657,83.15237550948157
80.66450098956854,78.93009692213018,83.1218494123831
82.79277603469518,85.13096221963717,83.07303902197349
81.72319150533522,85.67069340291938,83.00490219980486
80.45696237342455,78.77162075552852,82.9167962244251
81.0735896722427,81.50508120119157,82.80848468727275
81.40002574182836,86.5321331304873,82.68013501918023
82.45360733057014,83.75402979128881,82.53230759931766
80.42117418216561,80.13303448398449,82.36593693229935
81.81502025075409,86.60883720452253,82.1823053793602
82.04485640948917,80.50169756427522,81.98301084619604
80.55707404379605,74.99406386479058,81.76993119758889
80.73328746936397,78.1777468209197,81.54518915215878
80.13105123851156,83.85697322719417,81.31112110116766
80.6414785008963,82.34926716322292,81.07025102076113
80.68424204830667,80.90763642262901,80.82526709655485
81.09609131438881,84.57641974049828,80.57899587174546
81.32048114488605,81.86774964663732,80.3343680919751
79.95524468943321,79.22601310615305,80.09437175931177
79.0218942811254,81.76095061590144,79.86199030916741
80.30281904086318,79.04983993228558,79.64012645938934
80.44040202768062,82.04832796492536,79.43151450380024
80.32532860317767,77.71873968599736,79.23862540458997
79.83645893569543,76.37771756519567,79.06357021519666
80.06544275702497,77.22600066028932,78.90800824370879
80.9505145325976,80.86502678607067,78.77306653382261
80.06711361578404,77.94193761751319,78.65927632532257
79.44735697129488,77.41427004457975,78.56653059301173
79.26601933617619,78.76275637041958,78.49406547370926
79.40334113006628,79.16647009850514,78.4404677403022
80.57268216029387,75.48549218958645,78.40371011668012
79.20203606800449,70.92890718277435,78.38121575678372
79.21853854360799,80.53036772629093,78.36995225945888
78.79549855257477,79.2521208713241,78.36655352558085
79.8018152547607,75.30767234223674,78.36746445630209
80.30251728915466,81.73343757412034,78.36910005459109
79.14287030535986,80.56780102525605,78.36800826927076
78.78090814621919,77.78970150634937,78.36102522951967
78.64296748026361,85.06936326771635,78.34541206293366
76.84119415428064,81.00399740854267,78.31896416335483
78.92355165841467,77.61466415138581,78.28008659910425
78.3863582662219,77.13864041147255,78.22783317158418
78.48154646801682,73.69994022801818,78.1619107313142
77.57172937460872,81.58862660295307,78.08265335156304
77.6874708000024,78.49699954335678,77.990971803184
77.55451401891902,80.25401720311979,77.88828294299756
78.44182302413614,71.44281693186683,77.77642273133254
77.3448366780261,79.89500143907473,77.65754664889892
78.94995026845814,77.27839368525864,77.53402173085644
77.6746608663451,79.591081916732,77.40831420278407
76.3599100067108,78.0694389652818,77.28287583161861
77.04160975358064,76.97389387460997,77.16003164973556
76.5530095995811,74.26586342825848,77.04187228082792
75.34960247167982,76.65780224963288,76.93015517475118
77.8806982267822,75.13904806769786,76.82621963024079
77.12758954161941,80.57329729208001,76.73091997180016
76.88189148352498,74.51500149204941,76.64457997590839
76.49663361462056,76.57122851306092,76.56697052489757
75.28460433043998,72.83852784005913,76.49731208521715
75.7836239878763,76.30425277230249,76.43430358083843
76.58052866483249,73.1965253410094,76.37617864273788
75.12355411880691,72.46969629085622,76.32078853901744
73.95430871618792,81.47998407219464,76.26570848693852
75.4337385100389,78.2026308475174,76.2083610566755
75.3586876823355,76.57042038882474,76.14614790512996
75.417070885913,77.10328906786012,76.0765802603374
75.69546492636812,76.69791546735092,75.99739977601091
75.49423186419774,75.20268077602384,75.90668364275187
75.0905468903402,77.57246329867249,75.802929924756
75.60688840439097,72.89451607538936,75.68512049469983
73.56646812024161,78.79955872217414,75.55275977221893
74.84182093991254,75.23649973908844,75.40588792303555
74.78520752330422,77.41466753346904,75.24506748272597
73.33611857651526,78.49655187261686,75.07134293349459
73.0081630631324,74.61924190942825,74.88617399916149
73.39356649597498,70.73529971794015,74.69134544182482
73.3074081118895,77.30731032804341,74.48885849123312
74.15186406338849,79.71508729991506,74.28081083543394
73.04751340394289,66.66324429061243,74.06927292499542
72.73071819217806,72.39658849545356,73.85616879257678
72.7537563980758,73.70962545691066,73.6431701199619
73.81596160372351,72.94990533449227,73.431612113803
72.89236429808876,68.80588099309288,73.22243812413123
72.60738417799833,69.71111530987517,73.0161774243814
72.50480805222183,66.43998819482047,72.8129578839091
73.33454730653597,76.46714500657092,72.61255200204941
71.7533343864488,76.25837268041381,72.41445042375152
73.04563152282861,77.50498623894373,72.21795255599613
72.11853116712008,72.02154636635301,72.02226139973749
71.70470051824041,72.59654277200065,71.82657065968688
73.41285248523792,76.9220227192598,71.63013591173166
70.7679357607528,70.0041083986847,71.4323260792945
71.10341340399906,67.9899273555044,71.2326553251335
70.3318659699889,68.46000957469892,71.03079842525807
71.7043456461938,72.28011347747587,70.82659441148073
72.06260468762886,69.72198918534922,70.62004314396059
71.89118004675821,73.44351520953012,70.41129781723983
71.4205872006347,66.97607293786632,70.20065461096532
70.2666208844115,69.47075868874101,69.98853986231454
69.98997773339276,71.32011323848502,69.77549511227886
68.91609379667685,69.35071013612504,69.56216035197747
71.35088133508711,68.93980497653322,69.34925541362016
70.09351877162126,72.50435315079535,69.13755908748618
69.25995164289249,70.1208727486642,68.92788565479094
70.37268786813513,63.52112643356378,68.72105922832158
68.60049480716248,70.09386114467937,68.51788742300532
69.40411884725444,68.01938114187097,68.3191368487296
68.83638422577906,67.11458677561266,68.12551298122762
69.24174379824582,66.51972573017426,67.93764609953733
68.5873337591231,65.29757056889856,67.75608383204538
67.45308770429214,68.13064634823404,67.58128970022719
68.35829556173526,70.14917055549705,67.41364561519896
68.87602110497791,69.37840093697581,67.25345465570683
67.95757443219176,71.07162403564244,67.10093948528174
68.35661821313529,70.2635286463501,66.95623240665269
66.91799711599653,60.33549517101355,66.81935554545188
67.4671501781163,64.4611172084981,66.6901932066993
66.88389169158235,70.78170918051615,66.56846141520779
67.67931963895478,63.51595254695725,66.45368055029594
67.01374542713249,58.04330822000135,66.3451558605992
67.30992192110247,73.31677357094682,66.24196874317498
67.4233538910017,68.39619368361102,66.1429796366375
66.98110957894862,64.74079682196611,66.0468412694381
66.52312971706402,63.74052168167528,65.9520196951904
65.4681352411716,67.53248281098652,65.85682088575507
65.9998538487901,67.56760743661222,65.75942181512549
65.46356096838153,66.53673025076101,65.65790561687761
65.43081594741385,64.81174886160429,65.550300615981
65.24445614540849,61.04435654650373,65.43462365764879
64.65570086836996,64.53774227826975,65.3089290671056
63.80659637856533,67.3000950118719,65.17136471675681
64.5442002857332,62.76669112281983,65.02023544475016
64.98253197253017,66.95393766112265,64.8540721090033
63.73882375877625,62.41170049312628,64.67170302421366
64.52903846647287,67.1569860521206,64.47232386044166
65.68391034930526,62.4698493976933,64.25556194167883
64.90568838344046,64.95058150646223,64.02153091526422
65.17603541841436,66.6731934789188,63.77087191108718
64.13555108345665,61.92018567070691,63.50477764044132
64.51543768930995,65.7047493119725,63.22499651998628
63.02805515585902,62.93113039156008,62.93381494042553
62.92068869583496,62.775865497463016,62.634017107796865
61.29148824215966,59.06856848951534,62.328823177390824
63.87662711034263,67.14774491871684,62.02180738602495
63.96228661703909,60.862419563919055,61.7167983682248
62.33488221531715,63.25246405777134,61.41776400371865
62.382714663146885,59.59745353484828,61.12868361654901
61.87149624185832,61.65446620472422,60.853411460122125
62.5061365086647,64.61461950077587,60.5955367446022
62.86518765094231,61.9178033792244,60.358246537637925
60.69764294987176,50.60823103474439,60.14419895133927
62.04444741220257,57.63406813828348,59.955415367894965
61.40485194666217,54.326977515368576,59.793201051863534
61.51902059193903,61.74175445961873,59.658101620344084
61.60251913754929,61.5860795642794,59.54989820690027
60.99153279400923,59.84154406203442,59.46763873008254
60.89330302505543,58.83863021102123,59.409698935132745
60.6591444446512,61.3844202138208,59.37386574244965
61.331641272154265,56.58467515202324,59.35743605040896
60.78965006065576,63.92535529061569,59.357325154975975
60.49557561700372,60.74195680189724,59.3701797266118
59.29671643271279,56.19794487649126,59.39249103729105
59.76717425279798,58.39482793278928,59.42070524716721
60.50764329509379,60.07689068225203,59.4513288123311
59.75197004385457,55.223217292401166,59.48102760319482
60.034890095620966,62.23525838778513,59.506717619666816
60.65805526736608,63.82463909062735,59.525643681065375
59.99745869896139,60.38255635774632,59.53544110215604
59.18525635468084,62.270098469066376,59.534175154785224
58.61265284514501,67.30424044912773,59.52035472622947
57.033863956130816,50.87304607370983,59.492919876029156
58.5552012142692,58.72544527232011,59.451207101608645
58.29731731961755,53.89211464674751,59.394899693777994
58.65198599861571,63.77087859624506,59.323971942202995
58.12496248287526,58.93281545220668,59.23863442563804
57.86317058058389,55.57353411316105,59.139284545875164
56.69739689249728,55.84346778893501,59.02646395624737
57.141341187075085,61.52418227930799,58.900823144658034
57.9901378016376,59.47355637978895,58.763092105160354
58.71561600027096,60.61437761026999,58.614054221158014
57.30506086929457,62.185713918091714,58.45451911620508
57.4625078921043,60.59268791531069,58.28529045468582
57.76036391917476,61.44692188962191,58.107126695361366
56.38748404362081,55.97312360526927,57.920696132055774
57.0742656055494,49.68189903343992,57.726531444492814
56.16245783880039,56.502128776126,57.52499218187145
57.15041600290634,54.971103497488,57.316244490084415
56.51620544667981,59.10263288914548,57.100265170262105
56.48528392941022,50.67893360722643,56.87687288760519
55.59566631614759,58.31214037852191,56.645785073241896
56.50651229041314,57.12489494576271,56.406695834257924
57.33999282017874,58.500391018062736,56.15936777446191
55.04527266001166,57.0747068813038,55.903728905361135
55.38412254899793,55.29076430863466,55.639965320835046
55.65626092834099,54.564112855393375,55.368601227039306
55.91785351592544,59.64039010832469,55.090559557939194
54.8499845571968,56.7954493307582,54.80719791527754
53.13392044413241,55.393202893010354,54.52031593101438
55.9449383593407,55.67427131754607,54.23213203248949
55.403425805042005,55.76266783942563,53.94523029676524
53.529688055182994,53.48626230487134,53.66248109879819
54.20425911881109,48.48371143100901,53.386941925304306
55.60822909293502,51.07836853068893,53.12174661744069
55.40605309447476,55.00203209215487,52.86999188875777
54.93289971907708,48.77525960909021,52.63462881861846
54.03700267941227,53.67576564672834,52.418364636116635
54.1039874031712,51.17096449667768,52.223577647317214
53.84105956993729,53.59186853376926,52.05224631074381
54.6104948321323,55.16807837398967,51.90589224932891
53.09687578558932,47.00222811421577,51.78553645038157
53.03637442112541,54.10257195914018,51.69166819446558
54.1993362868536,52.724908072977605,51.62422704731259
53.35405298060696,45.735636573100365,51.582598847485116
54.24425781298218,52.73264674067439,51.565626648117004
52.70477011331101,53.95003111727821,51.571637017338546
53.03326558989793,51.70269975017668,51.598481019147705
52.32399725865193,50.79345794412096,51.64358802849083
52.874220455440906,53.37887422305603,51.70403009168108
51.73477834940367,50.16294154460225,51.77659500967341
52.33043677434177,51.45422218276667,51.85786704503351
51.56975557194429,47.21918414056265,51.944314517232215
52.96557646796833,51.26569015049465,52.03238324814779
52.88749302862851,59.06695999088723,52.11859358387947
51.08210962853689,51.66728235158554,52.199636746301
53.135798641705726,54.01848156026082,52.272464757616184
53.86043544977305,51.75257531951869,52.33436847937839
52.05600572715386,50.76149748846602,52.38304034171834
51.487976676313416,50.73858403705584,52.4166206271865
53.828151194176215,56.695374902313525,52.433727378220496
50.84362124582326,54.775643628816304,52.433469969259924
51.6981778581785,50.20798414088038,52.41544604905189
51.7284760693248,51.6516668522437,52.37972203504099
52.46442211464835,51.69355207526378,52.32679873739993
51.696163519607815,54.19658982496123,52.25756493295961
51.01828697653464,52.5551735116284,52.17324195353385
50.62595082995896,50.33091830891304,52.07532199330683
50.97842608235782,54.289897481629744,51.96550273629708
50.440253368028486,52.1395797902589,51.84562126191498
51.107468372648086,48.57830735853086,51.71759067218998
50.609435533198194,50.63637010836791,51.583343267470205
49.89042966498034,49.31147333801081,51.444784157619175
51.74824930264293,48.50818616341089,51.30375846081124
50.456182151689376,49.71720385299309,51.16203340380074
49.85328387462131,53.58930162975821,51.02129393622381
50.56115238031924,54.15228277272768,50.883147546785565
50.6662816340803,53.661588789565165,50.74913176069666
49.33692227775489,51.89238443997209,50.62071736280844
50.734175387828,51.41632597193339,50.49930216486467
49.71313609375456,47.74076647480578,50.386193393465916
51.58954785819515,53.43857827989896,50.28258011184516
50.705843716325774,45.30616499261944,50.189499386059765
50.00795267796159,47.8042914607236,50.107800827570095
49.71664931598621,53.34006659824634,50.03811384598836
50.11675118160375,48.50275737318344,49.980820661296804
50.57272646380137,52.67174166518865,49.93603636411928
50.0810586187565,48.89028555043797,49.90359602364562
49.90361659541807,51.70807481825681,49.88304868697927
50.054806235178376,45.003559621929625,49.873658850579005
49.55116524268552,53.72245413036841,49.87441685855989
49.695146012491655,46.0349982212158,49.884060050887726
48.438467176015216,43.97187147964876,49.901106085309785
50.54487371253553,54.5399115527393,49.923898698074716
50.03878253972949,50.02953636516137,49.95066424203179
49.25618238758584,48.25174153359724,49.97957491435274
51.0963151980419,56.23793358077601,50.00881262981589
49.79933637092461,52.19716262374244,50.03662696809765
48.985976229140086,47.51168796817223,50.061381665478415
50.2854753082456,49.84471277867217,50.08158635340551
49.94050829158108,53.4627589850686,50.09591294651796
49.91583139061429,46.75546292199832,50.103198193536585
49.32098499933426,54.05528167857691,50.1024349330917
49.91538917530769,48.46124462800901,50.092755068525506
49.39948123489676,46.54114047853015,50.07340779308845
49.95618428164077,53.52107916517473,50.04373710840411
48.21952230340108,50.62890675953315,50.003162788914636
49.23687648670358,43.40994512922056,49.95116855065304
50.735348543477045,50.38498012839955,49.88730060295758
48.983793470955405,45.358926027997526,49.81117899430237
49.090604157548256,51.70902152028522,49.722522534777895
49.19391861198164,54.83396525005698,49.62118532978835
48.65297872444018,50.41660761112586,49.50720014972858
47.95504924969519,45.46346558609987,49.38082259880587
49.33858964037877,52.25744771256084,49.24257094513558
49.59590767994168,49.430751812104205,49.09325847988573
49.46651005561921,49.224508013291626,48.934016829442214
49.4059574415211,47.81427146715146,48.76630936980903
49.54326077525395,49.88660927107279,48.591934412229406
50.23653124945931,50.00374516315234,48.41301844622613
49.3962895241387,41.51092170982527,48.23200025004292
49.138452359581166,49.223287182378,48.0516069571918
49.3558782358178,48.90451693178864,47.874822928465406
49.97221108439313,51.109719549307336,47.70485118180882
50.570734408877,43.98898648890555,47.54506563852857
49.15990561554408,50.83918949992871,47.39895172760315
49.68779218990112,49.781619153749496,47.270033429556506
49.87596082619765,51.4999228623771,47.16178610519095
48.96651580258767,43.62324970110223,47.077536159519155
49.699457704212925,45.64978280713141,47.02035101074679
48.68467236940672,42.53502739123256,46.99292556235948
48.49941779146046,48.97931463697144,46.99747297077109
50.02321226270029,48.89144047076358,47.03562693721044
49.52813919337849,49.05585649224356,47.10836070147028
49.97043145562928,45.4034224428935,47.215926183737274
49.84991106568314,45.881863190137054,47.35781652879673
49.21417525255644,41.02740886679069,47.532756209898984
49.90280684474702,45.489634014632,47.73872324220353
49.10975165796955,46.97774104765115,47.97300653690191
50.98664523570964,49.02416374664079,48.23229780676127
49.10542764743112,48.88362938307161,48.51281285372206
49.96079562461223,52.45881535959543,48.81043322787037
49.41308542171352,47.15334510595832,49.12085727443339
50.58838787988387,52.19153482234815,49.43974954168062
50.00509128358832,52.55765803159471,49.76287874637777
49.92360457969191,53.69553822601681,50.08623628448821
50.93506329716743,52.541480688076,50.40612947844711
50.41114233410395,50.65151374837071,50.71924670356196
50.8064732313747,47.26413071037981,51.022695245123764
49.81373222443185,50.70751895736856,51.31401631496537
49.57467825213666,48.34051542137373,51.5911837775384
50.69203114665444,55.206682142272975,51.8525930775434
50.45426841277426,50.75361504676437,52.0970451084998
51.17797419525597,50.65330272808909,52.32372762807238
50.74707063805537,55.391080229341,52.53219538874584
51.01161713025928,49.42950616299532,52.72234953537328
49.79826915496682,49.78778606878105,52.894416510124074
52.32462334818111,58.915095692536326,53.0489262211897
50.95732988203619,51.83053803853314,53.18668838203137
51.63168618340214,55.32195365494913,53.30876501555982
50.63067430445884,55.56285589486157,53.41643694082104
51.50558844793626,49.695568664726046,53.51116307619936
50.45350568635965,53.4341359323117,53.59453308416251
51.75892491467836,50.6675641862218,53.66821522236507
51.27173317284259,57.96239406165614,53.73390146289504
51.62123533408562,56.35607455361973,53.793250971717725
52.17071210061883,54.60858756988496,53.8478319029038
50.90211356774876,54.32822034164613,53.899061515713726
51.36993400376348,49.08851115269157,53.94814627042024
52.254808138059374,57.88807901002794,53.99602576901323
53.49044702731634,50.524227065390654,54.04332572389421
52.013444432714095,53.348444600903335,54.09032503039615
52.61369778959483,50.27202724722692,54.13694099585294
52.2162042974898,55.03813270159235,54.182735331230845
53.74321031410364,59.46676253701343,54.22694161199337
51.25450028973066,52.73548614231732,54.26851280749998
52.639060833129456,53.67247581026227,54.30618618649361
51.531559973525226,51.15891196662884,54.338563165470845
51.012789771646425,51.34228876356296,54.364202718377
53.07488695642586,51.97372133824065,54.38172714014786
53.0649002617689,58.42201349122212,54.389937309189285
52.8697588014586,55.473858812308926,54.387931651695176
53.097996017055685,51.95855487337819,54.375220269201975
55.44561274596924,55.6436984118996,54.351824446004656
53.20182538986968,62.76546104079153,54.318352063136466
53.84664288109697,54.73926123677072,54.276040567042784
53.14326058217676,57.908699248658266,54.22676104406395
53.913980335317184,52.02296411182604,54.172980322068945
53.65128602530532,55.20460498402964,54.11768262086123
53.64263812896653,51.59438258026436,54.064256579916005
55.31638970617122,53.56066020493092,54.01635615630603
54.981546745137706,57.58488872526308,53.97774470931263
54.36878188488726,51.43138539204833,53.95213124521194
52.776826695205216,48.86714167487137,53.9430072088092
54.25494658744167,56.50237822869916,53.95349182621157
56.51880070735118,54.917624889196425,53.986193381174964
54.58538507471651,53.66702987900448,54.04309245785804
55.64039380283772,49.73303449082571,54.12545165173582
55.99990873537884,51.83682514848216,54.233755332993894
55.26733338439608,55.99112169998316,54.36768233053286
54.64938276473112,53.88328829915326,54.526112832215475
53.65961574069821,56.64156043090018,54.707168380155295
55.96998970692661,53.01905255015349,54.90828175019442
55.04853928223803,54.50388414521863,55.12629259167347
55.87100596722572,56.02346951561093,55.35756466789475
55.00268482725517,54.33317762224316,55.59812055129466
55.82276444934706,57.78249235797029,55.84378927213533
56.16390587730652,52.60274054081581,56.09036187875428
56.46117680502929,58.14142301297011,56.33374942783169
55.62661817573628,59.3626975675254,56.57013758083573
57.37962403224031,54.679227528882336,56.796131677961455
56.2596994400162,57.57382719183746,57.008886140296795
55.642069760816405,56.81420859945125,57.206212543720504
56.87547407472542,58.80659720389758,57.38666140198884
57.11435098948248,57.11924168211604,57.54957310728547
57.34209053622117,61.99385363787513,57.69509366027865
58.32343817799144,65.24483032680824,57.82415132120259
57.34556273400524,59.395735439651446,57.93839181929966
57.569324341719785,58.5989040459979,58.040072955301795
57.023645693515455,57.06883927114176,58.131924364402366
58.513900120702566,54.20571080783723,58.21698358660952
58.21297377049448,53.53129419929634,58.29842342008138
57.93517516333856,54.15036048779418,58.37938647815502
57.04193728554115,57.91351777142028,58.46284075975098
59.53307634175558,58.90095445648195,58.55146561215898
57.810138607685566,62.81882688301937,58.647572190516264
58.40388052985332,50.18728401910106,58.753058186984305
59.21759578302333,59.351174662353486,58.8693942210145
58.27884758661352,59.70029306464002,58.99763820757256
58.22135384255448,61.165607073875385,59.13847273903854
57.93109391726095,58.40117082729473,59.29225858570369
60.07426049749478,61.2707283362719,59.459095914492906
59.34028134635575,59.917636689527455,59.638884655867905
61.92397830146484,63.36629270453957,59.83137632206174
59.3324313287939,59.269189542161456,60.03621087311536
59.53765254096377,66.47836635420352,60.25293384931582
59.941663871279246,61.836897866040175,60.48099115976593
60.66297072024883,61.31037537450515,60.719701794951526
60.31952290456595,57.89859728536784,60.968212262367686
61.23372223612383,60.11105920345634,61.22544013110318
60.27702226451093,65.22996597692521,61.49001657391764
60.1523686823136,52.002060881261855,61.760238471404755
60.01866985144114,60.20496103899468,62.03403979895065
59.87932826191298,59.79758536342992,62.30899012237117
61.23204874620856,62.87224381488046,62.58232485369766
61.543318689014406,62.4131811562285,62.85100745820956
61.47173185718194,66.44334013684741,63.1118192492108
62.94426373492499,63.26636356740284,63.36146926981963
63.0940357257541,62.883771392103455,63.596715622514964
62.16096432219073,65.28267978050584,63.81449005689933
61.30085429362762,66.32828562652746,64.01201879695823
62.321522838499526,64.57426663690381,64.18693378477336
62.4602872837152,65.77798263305529,64.33736970626678
62.582425924568426,61.86937618290847,64.46204366833173
62.71657135561081,63.12787827301432,64.56031609767018
62.91038453142837,67.78333875139495,64.63223265505168
63.26032687776636,64.98785290926114,64.67854720504931
63.24937184461515,62.45555408607478,64.70072548781471
64.00365177847644,64.1104121871207,64.7009289282042
64.2738739622117,67.67555778302906,64.68197822414429
63.548152173439135,67.24198954837237,64.64729650264412
65.23951895574767,62.47746880334101,64.60083185559937
63.82806429577601,65.01730340238147,64.54695963583681
63.54613089358477,63.520407673768894,64.49036621910102
65.10975166140638,64.89480497401185,64.43591722569982
64.43575279965525,68.79894173263732,64.3885137104966
65.3976733101727,64.61858769859626,64.35293985610994
63.65511485193583,61.7673176345511,64.3337061599118
66.47738192124912,63.8043459234217,64.33489344378941
66.13829782042352,65.56581290196846,64.3600046022819
64.78242178670021,62.3709362491519,64.41183177078966
64.96269106180117,62.12635063811697,64.49234625628586
67.33350107545117,64.41454700790757,64.60261763959207
65.8118125965617,63.087770592787685,64.7427672194659
65.90907989092324,63.41367613231235,64.9119592924002
65.07175422530268,66.38058081560698,65.10843171857807
66.57736148908899,60.14894463364667,65.3295651632436
66.82833567213945,64.52670167506788,65.57198849966332
67.65331886781395,67.32490941682592,65.83171591880198
66.33773773615538,70.10503554813143,66.104309069159
66.41737897715342,65.61077917079085,66.38505543195213
67.96159236689746,67.45871720803171,66.66915317375998
68.51480360805171,68.22635303886933,66.95189348093224
66.87427875915958,60.89288641642968,67.22883314490021
68.89494050765236,71.05665631400338,67.49595163938072
68.32774117835571,70.35278129125473,67.74978731221512
69.22907649415342,71.9004884984231,67.98754677188815
68.57876264534129,76.797527698326,68.20718129342251
67.02516344528006,62.76622844789277,68.40742568806319
68.84694255626461,63.966462459240766,68.58779906609836
69.85768650826003,72.17281395992633,68.74857176407184
68.65191786536137,67.54500971614772,68.89070587106552
69.16759076474351,65.93489393956521,69.01577706514895
69.47715469682448,68.5503967742898,69.12588396590861
67.73170993760996,65.70364563798168,69.22354946118922
71.09185795028812,76.74884001345424,69.31161669557927
69.45110408484209,76.86947244849948,69.39314048571158
70.59582566497862,65.23145651774986,69.47127390094091
70.34043926637777,65.49760461371942,69.54915112256236
71.44034205079232,68.94974122953296,69.62977118981895
71.00267019329311,68.74113284063685,69.71589027732564
70.71193380243339,68.16920841308419,69.80993044196771
70.40838199062759,69.77132617034424,69.91391064576091
71.74929592543734,70.28375205888375,70.02940313670186
70.03582980560157,65.59620551939491,70.15751607282868
71.95526504193084,68.58750470389637,70.29890159047986
70.88916259071038,75.96089690392162,70.45378685831432
72.68987823828857,71.51750740959312,70.62202372705053
72.08039320802533,70.74015181245986,70.8031509421862
72.5719766783328,67.58519559067457,70.99646262345536
72.33147600672999,70.81220214424474,71.2010778912091
71.19978563564484,74.35138586851379,71.41600771653579
71.9756616703362,73.92897151790757,71.64021510722843
73.19990863348374,75.8601794973254,71.87266415402159
72.99628559033101,69.04868726138355,72.11235377999796
73.8560212275302,69.85587796974244,72.35833395737839
73.46061863315907,77.17809938461605,72.60970475956769
72.64991471573659,75.35995653839356,72.86560040368974
72.91690735532275,72.06919246225841,73.12516109355369
73.69299248063174,76.49082275555418,73.38749615183879
72.14715466526951,68.20152654500167,73.65164357215444
75.08365256626261,71.00200404748695,73.91653316855451
74.36593168711165,69.06092798635522,74.18096154140079
75.05929244445707,76.2448553754845,74.4435860330594
73.23678387220428,73.94758247415312,74.70294162318767
75.35640549862391,73.64296615661101,74.95748042985724
76.18841301663792,73.62885498608155,75.20562976730108
73.84203933023893,81.76135736717237,75.44586236417668
75.44604830009918,74.5961417179041,75.67677111937343
75.04536537906823,79.59799444070107,75.89714049084127
74.1011007417067,73.62110220502015,76.10600759902937
75.66392010178419,74.0216656564735,76.30270825375605
76.03818763594099,80.6845953289791,76.48690532048535
75.16869447193294,77.75964546680298,76.65859807304389
76.53948238925942,76.46040880160304,76.81811150009979
74.68949090758055,78.40788473057695,76.96606495950923
74.941793856409,83.2079802650056,77.10332081348845
76.21463939888883,73.8126420998371,77.23091557638321
76.26667607327593,77.81389385521472,77.34997839039266
75.87616418577724,74.53402287396769,77.46164413057717
77.0723021753804,74.00716298117067,77.56697038894822
77.00398093149535,73.84790583595168,77.66686792467792
77.35875681189546,82.58134482851177,77.7620524704782
76.79649163461598,70.81158018267519,77.85302260311224
77.42803165535594,79.09372592686371,77.94006484480661
76.81670686925348,74.11004675936925,78.0232841640556
78.68765780742136,84.50114659694869,78.10265558313525
76.80139921334009,75.90575319987357,78.17809032118564
78.9629478346085,77.76906317724664,78.24950817169143
77.6315695143563,82.77929912490582,78.31690732590411
76.76103677941252,79.63679529408108,78.38042352819103
78.79712284524955,80.6148952217495,78.44037173790994
78.0419860479015,80.68491530739297,78.4972653388666
78.66283314919997,75.10987585659404,78.5518105792894
79.03572872546006,81.46842474054652,78.60487692762534
78.5263626609224,77.87349792830867,78.65744651354912
77.98475917317553,79.16853218792357,78.71054727020443
79.19061995715019,80.77987300538074,78.76517503794845
78.61519027292098,74.97290508605325,78.82221032845155
79.20053999762833,81.14817939757967,78.88233597275236
77.3173329235185,76.70611199161294,78.94596228434828
79.24105256046892,75.17431633664812,79.0131663066709
78.58308221482235,78.10237073384981,79.08365098287526
80.28803166997442,80.35371071538698,79.1567285735188
79.66618432441219,81.6131982450664,79.23133040626334
79.4959075446584,71.66270995944708,79.30604268610949
79.7650739361988,81.03809624816718,79.37916645077493
78.821054364172,77.14223846707338,79.44879871054052
80.7501953268694,83.40644560136427,79.51293039154555
81.10046487609569,81.0943442265032,79.56955466896493
80.07276296949904,78.97932705506173,79.6167777133433
81.00084279739028,80.41867100447439,79.65292383559945
79.57760321335928,80.67113174320507,79.67662832769695
79.50507512143898,82.48286705181071,79.6869129682067
80.17734190619315,77.25464498416675,79.68324058780233
80.53737699965143,79.41022978918808,79.66554638853457
80.03992658233193,84.85913737151591,79.63424500163188
80.77352098644987,79.58913466205786,79.59021333907671
80.6914807475405,81.89599881466549,79.53475027759637
79.85666908677256,75.80872469769714,79.46951574961459
80.99565766820973,75.3723587652005,79.39645398032961
81.31252634988996,77.90082731152678,79.31770729852431
80.90216686128326,78.63943560210829,79.23552680491275
81.66159408928418,85.07232983718966,79.15218397365295
80.07367289135728,83.8439279408786,79.06988433488861
81.3230419053042,75.00831135530484,78.99068284630285
80.24440014252812,78.46920605981668,78.91640165958745
